ticker,type,strike,expiration,bid,ask,mid,iv,ivr,delta,volume,open_interest
AAPL,CALL,110.00,2026-01-09,0.00,0.00,0.00,0.0000,0.00,0.0000,0,0
AAPL,CALL,120.00,2026-01-09,0.00,0.00,0.00,0.0000,0.00,0.0000,0,0
AAPL,CALL,125.00,2026-01-09,0.00,0.00,0.00,0.0000,0.00,0.0000,0,0
AAPL,CALL,130.00,2026-01-09,0.00,0.00,0.00,0.0000,0.00,0.0000,0,0
AAPL,CALL,135.00,2026-01-09,0.00,0.00,0.00,0.0000,0.00,0.0000,0,0
AAPL,CALL,140.00,2026-01-09,0.00,0.00,0.00,0.0000,0.00,0.0000,0,0
AAPL,CALL,145.00,2026-01-09,0.00,0.00,0.00,0.0000,0.00,0.0000,0,0
AAPL,CALL,150.00,2026-01-09,0.00,0.00,0.00,0.0000,0.00,0.0000,0,0
AAPL,CALL,155.00,2026-01-09,0.00,0.00,0.00,0.0000,0.00,0.0000,0,0
AAPL,CALL,160.00,2026-01-09,0.00,0.00,0.00,0.0000,0.00,0.0000,0,0
AAPL,CALL,165.00,2026-01-09,0.00,0.00,0.00,0.0000,0.00,0.0000,0,0
AAPL,CALL,170.00,2026-01-09,0.00,0.00,0.00,0.0000,0.00,0.0000,0,0
AAPL,CALL,175.00,2026-01-09,0.00,0.00,0.00,0.0000,0.00,0.0000,0,0
AAPL,CALL,180.00,2026-01-09,0.00,0.00,0.00,0.0000,0.00,0.0000,0,0
AAPL,CALL,185.00,2026-01-09,0.00,0.00,0.00,0.0000,0.00,0.0000,0,0
AAPL,CALL,190.00,2026-01-09,0.00,0.00,0.00,0.0000,0.00,0.0000,0,0
AAPL,CALL,195.00,2026-01-09,0.00,0.00,0.00,0.0000,0.00,0.0000,0,0
AAPL,CALL,200.00,2026-01-09,0.00,0.00,0.00,0.0000,0.00,0.0000,0,0
AAPL,CALL,205.00,2026-01-09,0.00,0.00,0.00,0.0000,0.00,0.0000,0,0
AAPL,CALL,210.00,2026-01-09,0.00,0.00,0.00,0.0000,0.00,0.0000,0,0
AAPL,CALL,215.00,2026-01-09,0.00,0.00,0.00,0.0000,0.00,0.0000,0,0
AAPL,CALL,220.00,2026-01-09,0.00,0.00,0.00,0.0000,0.00,0.0000,0,0
AAPL,CALL,225.00,2026-01-09,0.00,0.00,0.00,0.0000,0.00,0.0000,0,0
AAPL,CALL,230.00,2026-01-09,0.00,0.00,0.00,0.0000,0.00,0.0000,0,0
AAPL,CALL,232.50,2026-01-09,0.00,0.00,0.00,0.0000,0.00,0.0000,0,0
AAPL,CALL,235.00,2026-01-09,0.00,0.00,0.00,0.0000,0.00,0.0000,0,0
AAPL,CALL,237.50,2026-01-09,0.00,0.00,0.00,0.0000,0.00,0.0000,0,0
AAPL,CALL,240.00,2026-01-09,0.00,0.00,0.00,0.0000,0.00,0.0000,0,0
AAPL,CALL,242.50,2026-01-09,0.00,0.00,0.00,0.0000,0.00,0.0000,0,0
AAPL,CALL,245.00,2026-01-09,0.00,0.00,0.00,0.0000,0.00,0.0000,0,0
AAPL,CALL,247.50,2026-01-09,0.00,0.00,0.00,0.0000,0.00,0.0000,0,0
AAPL,CALL,250.00,2026-01-09,0.00,0.00,0.00,0.0000,0.00,0.0000,0,0
AAPL,CALL,252.50,2026-01-09,0.00,0.00,0.00,0.0000,0.00,0.0000,0,0
AAPL,CALL,255.00,2026-01-09,0.00,0.00,0.00,0.0000,0.00,0.0000,0,0
AAPL,CALL,257.50,2026-01-09,0.00,0.00,0.00,0.0000,0.00,0.0000,0,0
AAPL,CALL,260.00,2026-01-09,0.00,0.00,0.00,0.0000,0.00,0.0000,0,0
AAPL,CALL,262.50,2026-01-09,0.00,0.00,0.00,0.0000,0.00,0.0000,0,0
AAPL,CALL,265.00,2026-01-09,0.00,0.00,0.00,0.0000,0.00,0.0000,0,0
AAPL,CALL,267.50,2026-01-09,0.00,0.00,0.00,0.0000,0.00,0.0000,0,0
AAPL,CALL,270.00,2026-01-09,0.00,0.00,0.00,0.0000,0.00,0.0000,0,0
AAPL,CALL,272.50,2026-01-09,0.00,0.00,0.00,0.0000,0.00,0.0000,0,0
AAPL,CALL,275.00,2026-01-09,0.00,0.00,0.00,0.0000,0.00,0.0000,0,0
AAPL,CALL,277.50,2026-01-09,0.00,0.00,0.00,0.0000,0.00,0.0000,0,0
AAPL,CALL,280.00,2026-01-09,0.00,0.00,0.00,0.0000,0.00,0.0000,0,0
AAPL,CALL,282.50,2026-01-09,0.00,0.00,0.00,0.0000,0.00,0.0000,0,0
AAPL,CALL,285.00,2026-01-09,0.00,0.00,0.00,0.0000,0.00,0.0000,0,0
AAPL,CALL,287.50,2026-01-09,0.00,0.00,0.00,0.0000,0.00,0.0000,0,0
AAPL,CALL,290.00,2026-01-09,0.00,0.00,0.00,0.0000,0.00,0.0000,0,0
AAPL,CALL,292.50,2026-01-09,0.00,0.00,0.00,0.0000,0.00,0.0000,0,0
AAPL,CALL,295.00,2026-01-09,0.00,0.00,0.00,0.0000,0.00,0.0000,0,0
AAPL,CALL,297.50,2026-01-09,0.00,0.00,0.00,0.0000,0.00,0.0000,0,0
AAPL,CALL,300.00,2026-01-09,0.00,0.00,0.00,0.0000,0.00,0.0000,0,0
AAPL,CALL,305.00,2026-01-09,0.00,0.00,0.00,0.0000,0.00,0.0000,0,0
AAPL,CALL,310.00,2026-01-09,0.00,0.00,0.00,0.0000,0.00,0.0000,0,0
AAPL,CALL,315.00,2026-01-09,0.00,0.00,0.00,0.0000,0.00,0.0000,0,0
AAPL,CALL,320.00,2026-01-09,0.00,0.00,0.00,0.0000,0.00,0.0000,0,0
AAPL,CALL,325.00,2026-01-09,0.00,0.00,0.00,0.0000,0.00,0.0000,0,0
AAPL,CALL,330.00,2026-01-09,0.00,0.00,0.00,0.0000,0.00,0.0000,0,0
AAPL,CALL,335.00,2026-01-09,0.00,0.00,0.00,0.0000,0.00,0.0000,0,0
AAPL,CALL,340.00,2026-01-09,0.00,0.00,0.00,0.0000,0.00,0.0000,0,0
AAPL,CALL,345.00,2026-01-09,0.00,0.00,0.00,0.0000,0.00,0.0000,0,0
AAPL,CALL,350.00,2026-01-09,0.00,0.00,0.00,0.0000,0.00,0.0000,0,0
AAPL,CALL,355.00,2026-01-09,0.00,0.00,0.00,0.0000,0.00,0.0000,0,0
AAPL,CALL,360.00,2026-01-09,0.00,0.00,0.00,0.0000,0.00,0.0000,0,0
AAPL,CALL,365.00,2026-01-09,0.00,0.00,0.00,0.0000,0.00,0.0000,0,0
AAPL,CALL,370.00,2026-01-09,0.00,0.00,0.00,0.0000,0.00,0.0000,0,0
AAPL,CALL,375.00,2026-01-09,0.00,0.00,0.00,0.0000,0.00,0.0000,0,0
AAPL,CALL,380.00,2026-01-09,0.00,0.00,0.00,0.0000,0.00,0.0000,0,0
AAPL,CALL,385.00,2026-01-09,0.00,0.00,0.00,0.0000,0.00,0.0000,0,0
AAPL,CALL,390.00,2026-01-09,0.00,0.00,0.00,0.0000,0.00,0.0000,0,0
AAPL,CALL,395.00,2026-01-09,0.00,0.00,0.00,0.0000,0.00,0.0000,0,0
AAPL,CALL,400.00,2026-01-09,0.00,0.00,0.00,0.0000,0.00,0.0000,0,0
AAPL,PUT,110.00,2026-01-09,0.00,0.00,0.00,0.0000,0.00,0.0000,0,0
AAPL,PUT,120.00,2026-01-09,0.00,0.00,0.00,0.0000,0.00,0.0000,0,0
AAPL,PUT,125.00,2026-01-09,0.00,0.00,0.00,0.0000,0.00,0.0000,0,0
AAPL,PUT,130.00,2026-01-09,0.00,0.00,0.00,0.0000,0.00,0.0000,0,0
AAPL,PUT,135.00,2026-01-09,0.00,0.00,0.00,0.0000,0.00,0.0000,0,0
AAPL,PUT,140.00,2026-01-09,0.00,0.00,0.00,0.0000,0.00,0.0000,0,0
AAPL,PUT,145.00,2026-01-09,0.00,0.00,0.00,0.0000,0.00,0.0000,0,0
AAPL,PUT,150.00,2026-01-09,0.00,0.00,0.00,0.0000,0.00,0.0000,0,0
AAPL,PUT,155.00,2026-01-09,0.00,0.00,0.00,0.0000,0.00,0.0000,0,0
AAPL,PUT,160.00,2026-01-09,0.00,0.00,0.00,0.0000,0.00,0.0000,0,0
AAPL,PUT,165.00,2026-01-09,0.00,0.00,0.00,0.0000,0.00,0.0000,0,0
AAPL,PUT,170.00,2026-01-09,0.00,0.00,0.00,0.0000,0.00,0.0000,0,0
AAPL,PUT,175.00,2026-01-09,0.00,0.00,0.00,0.0000,0.00,0.0000,0,0
AAPL,PUT,180.00,2026-01-09,0.00,0.00,0.00,0.0000,0.00,0.0000,0,0
AAPL,PUT,185.00,2026-01-09,0.00,0.00,0.00,0.0000,0.00,0.0000,0,0
AAPL,PUT,190.00,2026-01-09,0.00,0.00,0.00,0.0000,0.00,0.0000,0,0
AAPL,PUT,195.00,2026-01-09,0.00,0.00,0.00,0.0000,0.00,0.0000,0,0
AAPL,PUT,200.00,2026-01-09,0.00,0.00,0.00,0.0000,0.00,0.0000,0,0
AAPL,PUT,205.00,2026-01-09,0.00,0.00,0.00,0.0000,0.00,0.0000,0,0
AAPL,PUT,210.00,2026-01-09,0.00,0.00,0.00,0.0000,0.00,0.0000,0,0
AAPL,PUT,215.00,2026-01-09,0.00,0.00,0.00,0.0000,0.00,0.0000,0,0
AAPL,PUT,220.00,2026-01-09,0.00,0.00,0.00,0.0000,0.00,0.0000,0,0
AAPL,PUT,225.00,2026-01-09,0.00,0.00,0.00,0.0000,0.00,0.0000,0,0
AAPL,PUT,230.00,2026-01-09,0.00,0.00,0.00,0.0000,0.00,0.0000,0,0
AAPL,PUT,232.50,2026-01-09,0.00,0.00,0.00,0.0000,0.00,0.0000,0,0
AAPL,PUT,235.00,2026-01-09,0.00,0.00,0.00,0.0000,0.00,0.0000,0,0
AAPL,PUT,237.50,2026-01-09,0.00,0.00,0.00,0.0000,0.00,0.0000,0,0
AAPL,PUT,240.00,2026-01-09,0.00,0.00,0.00,0.0000,0.00,0.0000,0,0
AAPL,PUT,242.50,2026-01-09,0.00,0.00,0.00,0.0000,0.00,0.0000,0,0
AAPL,PUT,245.00,2026-01-09,0.00,0.00,0.00,0.0000,0.00,0.0000,0,0
AAPL,PUT,247.50,2026-01-09,0.00,0.00,0.00,0.0000,0.00,0.0000,0,0
AAPL,PUT,250.00,2026-01-09,0.00,0.00,0.00,0.0000,0.00,0.0000,0,0
AAPL,PUT,252.50,2026-01-09,0.00,0.00,0.00,0.0000,0.00,0.0000,0,0
AAPL,PUT,255.00,2026-01-09,0.00,0.00,0.00,0.0000,0.00,0.0000,0,0
AAPL,PUT,257.50,2026-01-09,0.00,0.00,0.00,0.0000,0.00,0.0000,0,0
AAPL,PUT,260.00,2026-01-09,0.00,0.00,0.00,0.0000,0.00,0.0000,0,0
AAPL,PUT,262.50,2026-01-09,0.00,0.00,0.00,0.0000,0.00,0.0000,0,0
AAPL,PUT,265.00,2026-01-09,0.00,0.00,0.00,0.0000,0.00,0.0000,0,0
AAPL,PUT,267.50,2026-01-09,0.00,0.00,0.00,0.0000,0.00,0.0000,0,0
AAPL,PUT,270.00,2026-01-09,0.00,0.00,0.00,0.0000,0.00,0.0000,0,0
AAPL,PUT,272.50,2026-01-09,0.00,0.00,0.00,0.0000,0.00,0.0000,0,0
AAPL,PUT,275.00,2026-01-09,0.00,0.00,0.00,0.0000,0.00,0.0000,0,0
AAPL,PUT,277.50,2026-01-09,0.00,0.00,0.00,0.0000,0.00,0.0000,0,0
AAPL,PUT,280.00,2026-01-09,0.00,0.00,0.00,0.0000,0.00,0.0000,0,0
AAPL,PUT,282.50,2026-01-09,0.00,0.00,0.00,0.0000,0.00,0.0000,0,0
AAPL,PUT,285.00,2026-01-09,0.00,0.00,0.00,0.0000,0.00,0.0000,0,0
AAPL,PUT,287.50,2026-01-09,0.00,0.00,0.00,0.0000,0.00,0.0000,0,0
AAPL,PUT,290.00,2026-01-09,0.00,0.00,0.00,0.0000,0.00,0.0000,0,0
AAPL,PUT,292.50,2026-01-09,0.00,0.00,0.00,0.0000,0.00,0.0000,0,0
AAPL,PUT,295.00,2026-01-09,0.00,0.00,0.00,0.0000,0.00,0.0000,0,0
AAPL,PUT,297.50,2026-01-09,0.00,0.00,0.00,0.0000,0.00,0.0000,0,0
AAPL,PUT,300.00,2026-01-09,0.00,0.00,0.00,0.0000,0.00,0.0000,0,0
AAPL,PUT,305.00,2026-01-09,0.00,0.00,0.00,0.0000,0.00,0.0000,0,0
AAPL,PUT,310.00,2026-01-09,0.00,0.00,0.00,0.0000,0.00,0.0000,0,0
AAPL,PUT,315.00,2026-01-09,0.00,0.00,0.00,0.0000,0.00,0.0000,0,0
AAPL,PUT,320.00,2026-01-09,0.00,0.00,0.00,0.0000,0.00,0.0000,0,0
AAPL,PUT,325.00,2026-01-09,0.00,0.00,0.00,0.0000,0.00,0.0000,0,0
AAPL,PUT,330.00,2026-01-09,0.00,0.00,0.00,0.0000,0.00,0.0000,0,0
AAPL,PUT,335.00,2026-01-09,0.00,0.00,0.00,0.0000,0.00,0.0000,0,0
AAPL,PUT,340.00,2026-01-09,0.00,0.00,0.00,0.0000,0.00,0.0000,0,0
AAPL,PUT,345.00,2026-01-09,0.00,0.00,0.00,0.0000,0.00,0.0000,0,0
AAPL,PUT,350.00,2026-01-09,0.00,0.00,0.00,0.0000,0.00,0.0000,0,0
AAPL,PUT,355.00,2026-01-09,0.00,0.00,0.00,0.0000,0.00,0.0000,0,0
AAPL,PUT,360.00,2026-01-09,0.00,0.00,0.00,0.0000,0.00,0.0000,0,0
AAPL,PUT,365.00,2026-01-09,0.00,0.00,0.00,0.0000,0.00,0.0000,0,0
AAPL,PUT,370.00,2026-01-09,0.00,0.00,0.00,0.0000,0.00,0.0000,0,0
AAPL,PUT,375.00,2026-01-09,0.00,0.00,0.00,0.0000,0.00,0.0000,0,0
AAPL,PUT,380.00,2026-01-09,0.00,0.00,0.00,0.0000,0.00,0.0000,0,0
AAPL,PUT,385.00,2026-01-09,0.00,0.00,0.00,0.0000,0.00,0.0000,0,0
AAPL,PUT,390.00,2026-01-09,0.00,0.00,0.00,0.0000,0.00,0.0000,0,0
AAPL,PUT,395.00,2026-01-09,0.00,0.00,0.00,0.0000,0.00,0.0000,0,0
AAPL,PUT,400.00,2026-01-09,0.00,0.00,0.00,0.0000,0.00,0.0000,0,0
AAPL,CALL,5.00,2026-01-16,0.00,0.00,0.00,0.0000,0.00,0.0000,0,0
AAPL,CALL,10.00,2026-01-16,0.00,0.00,0.00,0.0000,0.00,0.0000,0,0
AAPL,CALL,15.00,2026-01-16,0.00,0.00,0.00,0.0000,0.00,0.0000,0,0
AAPL,CALL,20.00,2026-01-16,0.00,0.00,0.00,0.0000,0.00,0.0000,0,0
AAPL,CALL,25.00,2026-01-16,0.00,0.00,0.00,0.0000,0.00,0.0000,0,0
AAPL,CALL,30.00,2026-01-16,0.00,0.00,0.00,0.0000,0.00,0.0000,0,0
AAPL,CALL,35.00,2026-01-16,0.00,0.00,0.00,0.0000,0.00,0.0000,0,0
AAPL,CALL,40.00,2026-01-16,0.00,0.00,0.00,0.0000,0.00,0.0000,0,0
AAPL,CALL,45.00,2026-01-16,0.00,0.00,0.00,0.0000,0.00,0.0000,0,0
AAPL,CALL,50.00,2026-01-16,0.00,0.00,0.00,0.0000,0.00,0.0000,0,0
AAPL,CALL,55.00,2026-01-16,0.00,0.00,0.00,0.0000,0.00,0.0000,0,0
AAPL,CALL,60.00,2026-01-16,0.00,0.00,0.00,0.0000,0.00,0.0000,0,0
AAPL,CALL,65.00,2026-01-16,0.00,0.00,0.00,0.0000,0.00,0.0000,0,0
AAPL,CALL,70.00,2026-01-16,0.00,0.00,0.00,0.0000,0.00,0.0000,0,0
AAPL,CALL,75.00,2026-01-16,0.00,0.00,0.00,0.0000,0.00,0.0000,0,0
AAPL,CALL,80.00,2026-01-16,0.00,0.00,0.00,0.0000,0.00,0.0000,0,0
AAPL,CALL,85.00,2026-01-16,0.00,0.00,0.00,0.0000,0.00,0.0000,0,0
AAPL,CALL,90.00,2026-01-16,0.00,0.00,0.00,0.0000,0.00,0.0000,0,0
AAPL,CALL,95.00,2026-01-16,0.00,0.00,0.00,0.0000,0.00,0.0000,0,0
AAPL,CALL,100.00,2026-01-16,0.00,0.00,0.00,0.0000,0.00,0.0000,0,0
AAPL,CALL,105.00,2026-01-16,0.00,0.00,0.00,0.0000,0.00,0.0000,0,0
AAPL,CALL,110.00,2026-01-16,0.00,0.00,0.00,0.0000,0.00,0.0000,0,0
AAPL,CALL,115.00,2026-01-16,0.00,0.00,0.00,0.0000,0.00,0.0000,0,0
AAPL,CALL,120.00,2026-01-16,0.00,0.00,0.00,0.0000,0.00,0.0000,0,0
AAPL,CALL,125.00,2026-01-16,0.00,0.00,0.00,0.0000,0.00,0.0000,0,0
AAPL,CALL,130.00,2026-01-16,0.00,0.00,0.00,0.0000,0.00,0.0000,0,0
AAPL,CALL,135.00,2026-01-16,0.00,0.00,0.00,0.0000,0.00,0.0000,0,0
AAPL,CALL,140.00,2026-01-16,0.00,0.00,0.00,0.0000,0.00,0.0000,0,0
AAPL,CALL,145.00,2026-01-16,0.00,0.00,0.00,0.0000,0.00,0.0000,0,0
AAPL,CALL,150.00,2026-01-16,0.00,0.00,0.00,0.0000,0.00,0.0000,0,0
AAPL,CALL,155.00,2026-01-16,0.00,0.00,0.00,0.0000,0.00,0.0000,0,0
AAPL,CALL,160.00,2026-01-16,0.00,0.00,0.00,0.0000,0.00,0.0000,0,0
AAPL,CALL,165.00,2026-01-16,0.00,0.00,0.00,0.0000,0.00,0.0000,0,0
AAPL,CALL,170.00,2026-01-16,0.00,0.00,0.00,0.0000,0.00,0.0000,0,0
AAPL,CALL,175.00,2026-01-16,0.00,0.00,0.00,0.0000,0.00,0.0000,0,0
AAPL,CALL,180.00,2026-01-16,0.00,0.00,0.00,0.0000,0.00,0.0000,0,0
AAPL,CALL,185.00,2026-01-16,0.00,0.00,0.00,0.0000,0.00,0.0000,0,0
AAPL,CALL,190.00,2026-01-16,0.00,0.00,0.00,0.0000,0.00,0.0000,0,0
AAPL,CALL,195.00,2026-01-16,0.00,0.00,0.00,0.0000,0.00,0.0000,0,0
AAPL,CALL,200.00,2026-01-16,0.00,0.00,0.00,0.0000,0.00,0.0000,0,0
AAPL,CALL,205.00,2026-01-16,0.00,0.00,0.00,0.0000,0.00,0.0000,0,0
AAPL,CALL,210.00,2026-01-16,0.00,0.00,0.00,0.0000,0.00,0.0000,0,0
AAPL,CALL,215.00,2026-01-16,0.00,0.00,0.00,0.0000,0.00,0.0000,0,0
AAPL,CALL,220.00,2026-01-16,0.00,0.00,0.00,0.0000,0.00,0.0000,0,0
AAPL,CALL,225.00,2026-01-16,0.00,0.00,0.00,0.0000,0.00,0.0000,0,0
AAPL,CALL,230.00,2026-01-16,0.00,0.00,0.00,0.0000,0.00,0.0000,0,0
AAPL,CALL,235.00,2026-01-16,0.00,0.00,0.00,0.0000,0.00,0.0000,0,0
AAPL,CALL,240.00,2026-01-16,0.00,0.00,0.00,0.0000,0.00,0.0000,0,0
AAPL,CALL,245.00,2026-01-16,0.00,0.00,0.00,0.0000,0.00,0.0000,0,0
AAPL,CALL,247.50,2026-01-16,0.00,0.00,0.00,0.0000,0.00,0.0000,0,0
AAPL,CALL,250.00,2026-01-16,0.00,0.00,0.00,0.0000,0.00,0.0000,0,0
AAPL,CALL,252.50,2026-01-16,0.00,0.00,0.00,0.0000,0.00,0.0000,0,0
AAPL,CALL,255.00,2026-01-16,0.00,0.00,0.00,0.0000,0.00,0.0000,0,0
AAPL,CALL,257.50,2026-01-16,0.00,0.00,0.00,0.0000,0.00,0.0000,0,0
AAPL,CALL,260.00,2026-01-16,0.00,0.00,0.00,0.0000,0.00,0.0000,0,0
AAPL,CALL,262.50,2026-01-16,0.00,0.00,0.00,0.0000,0.00,0.0000,0,0
MSFT,CALL,270.00,2026-01-09,0.00,0.00,0.00,0.0000,0.00,0.0000,0,0
MSFT,CALL,280.00,2026-01-09,0.00,0.00,0.00,0.0000,0.00,0.0000,0,0
MSFT,CALL,290.00,2026-01-09,0.00,0.00,0.00,0.0000,0.00,0.0000,0,0
MSFT,CALL,300.00,2026-01-09,0.00,0.00,0.00,0.0000,0.00,0.0000,0,0
MSFT,CALL,310.00,2026-01-09,0.00,0.00,0.00,0.0000,0.00,0.0000,0,0
MSFT,CALL,320.00,2026-01-09,0.00,0.00,0.00,0.0000,0.00,0.0000,0,0
MSFT,CALL,325.00,2026-01-09,0.00,0.00,0.00,0.0000,0.00,0.0000,0,0
MSFT,CALL,330.00,2026-01-09,0.00,0.00,0.00,0.0000,0.00,0.0000,0,0
MSFT,CALL,335.00,2026-01-09,0.00,0.00,0.00,0.0000,0.00,0.0000,0,0
MSFT,CALL,340.00,2026-01-09,0.00,0.00,0.00,0.0000,0.00,0.0000,0,0
MSFT,CALL,345.00,2026-01-09,0.00,0.00,0.00,0.0000,0.00,0.0000,0,0
MSFT,CALL,350.00,2026-01-09,0.00,0.00,0.00,0.0000,0.00,0.0000,0,0
MSFT,CALL,355.00,2026-01-09,0.00,0.00,0.00,0.0000,0.00,0.0000,0,0
MSFT,CALL,360.00,2026-01-09,0.00,0.00,0.00,0.0000,0.00,0.0000,0,0
MSFT,CALL,365.00,2026-01-09,0.00,0.00,0.00,0.0000,0.00,0.0000,0,0
MSFT,CALL,370.00,2026-01-09,0.00,0.00,0.00,0.0000,0.00,0.0000,0,0
MSFT,CALL,375.00,2026-01-09,0.00,0.00,0.00,0.0000,0.00,0.0000,0,0
MSFT,CALL,380.00,2026-01-09,0.00,0.00,0.00,0.0000,0.00,0.0000,0,0
MSFT,CALL,385.00,2026-01-09,0.00,0.00,0.00,0.0000,0.00,0.0000,0,0
MSFT,CALL,390.00,2026-01-09,0.00,0.00,0.00,0.0000,0.00,0.0000,0,0
MSFT,CALL,395.00,2026-01-09,0.00,0.00,0.00,0.0000,0.00,0.0000,0,0
MSFT,CALL,400.00,2026-01-09,0.00,0.00,0.00,0.0000,0.00,0.0000,0,0
MSFT,CALL,405.00,2026-01-09,0.00,0.00,0.00,0.0000,0.00,0.0000,0,0
MSFT,CALL,410.00,2026-01-09,0.00,0.00,0.00,0.0000,0.00,0.0000,0,0
MSFT,CALL,415.00,2026-01-09,0.00,0.00,0.00,0.0000,0.00,0.0000,0,0
MSFT,CALL,420.00,2026-01-09,0.00,0.00,0.00,0.0000,0.00,0.0000,0,0
MSFT,CALL,425.00,2026-01-09,0.00,0.00,0.00,0.0000,0.00,0.0000,0,0
MSFT,CALL,430.00,2026-01-09,0.00,0.00,0.00,0.0000,0.00,0.0000,0,0
MSFT,CALL,435.00,2026-01-09,0.00,0.00,0.00,0.0000,0.00,0.0000,0,0
MSFT,CALL,440.00,2026-01-09,0.00,0.00,0.00,0.0000,0.00,0.0000,0,0
MSFT,CALL,442.50,2026-01-09,0.00,0.00,0.00,0.0000,0.00,0.0000,0,0
MSFT,CALL,445.00,2026-01-09,0.00,0.00,0.00,0.0000,0.00,0.0000,0,0
MSFT,CALL,447.50,2026-01-09,0.00,0.00,0.00,0.0000,0.00,0.0000,0,0
MSFT,CALL,450.00,2026-01-09,0.00,0.00,0.00,0.0000,0.00,0.0000,0,0
MSFT,CALL,452.50,2026-01-09,0.00,0.00,0.00,0.0000,0.00,0.0000,0,0
MSFT,CALL,455.00,2026-01-09,0.00,0.00,0.00,0.0000,0.00,0.0000,0,0
MSFT,CALL,457.50,2026-01-09,0.00,0.00,0.00,0.0000,0.00,0.0000,0,0
MSFT,CALL,460.00,2026-01-09,0.00,0.00,0.00,0.0000,0.00,0.0000,0,0
MSFT,CALL,462.50,2026-01-09,0.00,0.00,0.00,0.0000,0.00,0.0000,0,0
MSFT,CALL,465.00,2026-01-09,0.00,0.00,0.00,0.0000,0.00,0.0000,0,0
MSFT,CALL,467.50,2026-01-09,0.00,0.00,0.00,0.0000,0.00,0.0000,0,0
MSFT,CALL,470.00,2026-01-09,0.00,0.00,0.00,0.0000,0.00,0.0000,0,0
MSFT,CALL,472.50,2026-01-09,0.00,0.00,0.00,0.0000,0.00,0.0000,0,0
MSFT,CALL,475.00,2026-01-09,0.00,0.00,0.00,0.0000,0.00,0.0000,0,0
MSFT,CALL,477.50,2026-01-09,0.00,0.00,0.00,0.0000,0.00,0.0000,0,0
MSFT,CALL,480.00,2026-01-09,0.00,0.00,0.00,0.0000,0.00,0.0000,0,0
MSFT,CALL,482.50,2026-01-09,0.00,0.00,0.00,0.0000,0.00,0.0000,0,0
MSFT,CALL,485.00,2026-01-09,0.00,0.00,0.00,0.0000,0.00,0.0000,0,0
MSFT,CALL,487.50,2026-01-09,0.00,0.00,0.00,0.0000,0.00,0.0000,0,0
MSFT,CALL,490.00,2026-01-09,0.00,0.00,0.00,0.0000,0.00,0.0000,0,0
MSFT,CALL,492.50,2026-01-09,0.00,0.00,0.00,0.0000,0.00,0.0000,0,0
MSFT,CALL,495.00,2026-01-09,0.00,0.00,0.00,0.0000,0.00,0.0000,0,0
MSFT,CALL,497.50,2026-01-09,0.00,0.00,0.00,0.0000,0.00,0.0000,0,0
MSFT,CALL,500.00,2026-01-09,0.00,0.00,0.00,0.0000,0.00,0.0000,0,0
MSFT,CALL,502.50,2026-01-09,0.00,0.00,0.00,0.0000,0.00,0.0000,0,0
MSFT,CALL,505.00,2026-01-09,0.00,0.00,0.00,0.0000,0.00,0.0000,0,0
MSFT,CALL,507.50,2026-01-09,0.00,0.00,0.00,0.0000,0.00,0.0000,0,0
MSFT,CALL,510.00,2026-01-09,0.00,0.00,0.00,0.0000,0.00,0.0000,0,0
MSFT,CALL,512.50,2026-01-09,0.00,0.00,0.00,0.0000,0.00,0.0000,0,0
MSFT,CALL,515.00,2026-01-09,0.00,0.00,0.00,0.0000,0.00,0.0000,0,0
MSFT,CALL,517.50,2026-01-09,0.00,0.00,0.00,0.0000,0.00,0.0000,0,0
MSFT,CALL,520.00,2026-01-09,0.00,0.00,0.00,0.0000,0.00,0.0000,0,0
MSFT,CALL,522.50,2026-01-09,0.00,0.00,0.00,0.0000,0.00,0.0000,0,0
MSFT,CALL,525.00,2026-01-09,0.00,0.00,0.00,0.0000,0.00,0.0000,0,0
MSFT,CALL,527.50,2026-01-09,0.00,0.00,0.00,0.0000,0.00,0.0000,0,0
MSFT,CALL,530.00,2026-01-09,0.00,0.00,0.00,0.0000,0.00,0.0000,0,0
MSFT,CALL,532.50,2026-01-09,0.00,0.00,0.00,0.0000,0.00,0.0000,0,0
MSFT,CALL,535.00,2026-01-09,0.00,0.00,0.00,0.0000,0.00,0.0000,0,0
MSFT,CALL,540.00,2026-01-09,0.00,0.00,0.00,0.0000,0.00,0.0000,0,0
MSFT,CALL,545.00,2026-01-09,0.00,0.00,0.00,0.0000,0.00,0.0000,0,0
MSFT,CALL,550.00,2026-01-09,0.00,0.00,0.00,0.0000,0.00,0.0000,0,0
MSFT,CALL,555.00,2026-01-09,0.00,0.00,0.00,0.0000,0.00,0.0000,0,0
MSFT,CALL,560.00,2026-01-09,0.00,0.00,0.00,0.0000,0.00,0.0000,0,0
MSFT,CALL,565.00,2026-01-09,0.00,0.00,0.00,0.0000,0.00,0.0000,0,0
MSFT,CALL,570.00,2026-01-09,0.00,0.00,0.00,0.0000,0.00,0.0000,0,0
MSFT,CALL,575.00,2026-01-09,0.00,0.00,0.00,0.0000,0.00,0.0000,0,0
MSFT,CALL,580.00,2026-01-09,0.00,0.00,0.00,0.0000,0.00,0.0000,0,0
MSFT,CALL,585.00,2026-01-09,0.00,0.00,0.00,0.0000,0.00,0.0000,0,0
MSFT,CALL,590.00,2026-01-09,0.00,0.00,0.00,0.0000,0.00,0.0000,0,0
MSFT,CALL,595.00,2026-01-09,0.00,0.00,0.00,0.0000,0.00,0.0000,0,0
MSFT,CALL,600.00,2026-01-09,0.00,0.00,0.00,0.0000,0.00,0.0000,0,0
MSFT,CALL,605.00,2026-01-09,0.00,0.00,0.00,0.0000,0.00,0.0000,0,0
MSFT,CALL,610.00,2026-01-09,0.00,0.00,0.00,0.0000,0.00,0.0000,0,0
MSFT,CALL,615.00,2026-01-09,0.00,0.00,0.00,0.0000,0.00,0.0000,0,0
MSFT,CALL,620.00,2026-01-09,0.00,0.00,0.00,0.0000,0.00,0.0000,0,0
MSFT,CALL,625.00,2026-01-09,0.00,0.00,0.00,0.0000,0.00,0.0000,0,0
MSFT,CALL,630.00,2026-01-09,0.00,0.00,0.00,0.0000,0.00,0.0000,0,0
MSFT,CALL,635.00,2026-01-09,0.00,0.00,0.00,0.0000,0.00,0.0000,0,0
MSFT,CALL,640.00,2026-01-09,0.00,0.00,0.00,0.0000,0.00,0.0000,0,0
MSFT,CALL,645.00,2026-01-09,0.00,0.00,0.00,0.0000,0.00,0.0000,0,0
MSFT,CALL,650.00,2026-01-09,0.00,0.00,0.00,0.0000,0.00,0.0000,0,0
MSFT,CALL,655.00,2026-01-09,0.00,0.00,0.00,0.0000,0.00,0.0000,0,0
MSFT,PUT,270.00,2026-01-09,0.00,0.00,0.00,0.0000,0.00,0.0000,0,0
MSFT,PUT,280.00,2026-01-09,0.00,0.00,0.00,0.0000,0.00,0.0000,0,0
MSFT,PUT,290.00,2026-01-09,0.00,0.00,0.00,0.0000,0.00,0.0000,0,0
MSFT,PUT,300.00,2026-01-09,0.00,0.00,0.00,0.0000,0.00,0.0000,0,0
MSFT,PUT,310.00,2026-01-09,0.00,0.00,0.00,0.0000,0.00,0.0000,0,0
MSFT,PUT,320.00,2026-01-09,0.00,0.00,0.00,0.0000,0.00,0.0000,0,0
MSFT,PUT,325.00,2026-01-09,0.00,0.00,0.00,0.0000,0.00,0.0000,0,0
MSFT,PUT,330.00,2026-01-09,0.00,0.00,0.00,0.0000,0.00,0.0000,0,0
MSFT,PUT,335.00,2026-01-09,0.00,0.00,0.00,0.0000,0.00,0.0000,0,0
MSFT,PUT,340.00,2026-01-09,0.00,0.00,0.00,0.0000,0.00,0.0000,0,0
MSFT,PUT,345.00,2026-01-09,0.00,0.00,0.00,0.0000,0.00,0.0000,0,0
MSFT,PUT,350.00,2026-01-09,0.00,0.00,0.00,0.0000,0.00,0.0000,0,0
MSFT,PUT,355.00,2026-01-09,0.00,0.00,0.00,0.0000,0.00,0.0000,0,0
MSFT,PUT,360.00,2026-01-09,0.00,0.00,0.00,0.0000,0.00,0.0000,0,0
MSFT,PUT,365.00,2026-01-09,0.00,0.00,0.00,0.0000,0.00,0.0000,0,0
MSFT,PUT,370.00,2026-01-09,0.00,0.00,0.00,0.0000,0.00,0.0000,0,0
MSFT,PUT,375.00,2026-01-09,0.00,0.00,0.00,0.0000,0.00,0.0000,0,0
MSFT,PUT,380.00,2026-01-09,0.00,0.00,0.00,0.0000,0.00,0.0000,0,0
MSFT,PUT,385.00,2026-01-09,0.00,0.00,0.00,0.0000,0.00,0.0000,0,0
MSFT,PUT,390.00,2026-01-09,0.00,0.00,0.00,0.0000,0.00,0.0000,0,0
MSFT,PUT,395.00,2026-01-09,0.00,0.00,0.00,0.0000,0.00,0.0000,0,0
MSFT,PUT,400.00,2026-01-09,0.00,0.00,0.00,0.0000,0.00,0.0000,0,0
MSFT,PUT,405.00,2026-01-09,0.00,0.00,0.00,0.0000,0.00,0.0000,0,0
MSFT,PUT,410.00,2026-01-09,0.00,0.00,0.00,0.0000,0.00,0.0000,0,0
MSFT,PUT,415.00,2026-01-09,0.00,0.00,0.00,0.0000,0.00,0.0000,0,0
MSFT,PUT,420.00,2026-01-09,0.00,0.00,0.00,0.0000,0.00,0.0000,0,0
MSFT,PUT,425.00,2026-01-09,0.00,0.00,0.00,0.0000,0.00,0.0000,0,0
MSFT,PUT,430.00,2026-01-09,0.00,0.00,0.00,0.0000,0.00,0.0000,0,0
MSFT,PUT,435.00,2026-01-09,0.00,0.00,0.00,0.0000,0.00,0.0000,0,0
MSFT,PUT,440.00,2026-01-09,0.00,0.00,0.00,0.0000,0.00,0.0000,0,0
MSFT,PUT,442.50,2026-01-09,0.00,0.00,0.00,0.0000,0.00,0.0000,0,0
MSFT,PUT,445.00,2026-01-09,0.00,0.00,0.00,0.0000,0.00,0.0000,0,0
MSFT,PUT,447.50,2026-01-09,0.00,0.00,0.00,0.0000,0.00,0.0000,0,0
MSFT,PUT,450.00,2026-01-09,0.00,0.00,0.00,0.0000,0.00,0.0000,0,0
MSFT,PUT,452.50,2026-01-09,0.00,0.00,0.00,0.0000,0.00,0.0000,0,0
MSFT,PUT,455.00,2026-01-09,0.00,0.00,0.00,0.0000,0.00,0.0000,0,0
MSFT,PUT,457.50,2026-01-09,0.00,0.00,0.00,0.0000,0.00,0.0000,0,0
MSFT,PUT,460.00,2026-01-09,0.00,0.00,0.00,0.0000,0.00,0.0000,0,0
MSFT,PUT,462.50,2026-01-09,0.00,0.00,0.00,0.0000,0.00,0.0000,0,0
MSFT,PUT,465.00,2026-01-09,0.00,0.00,0.00,0.0000,0.00,0.0000,0,0
MSFT,PUT,467.50,2026-01-09,0.00,0.00,0.00,0.0000,0.00,0.0000,0,0
MSFT,PUT,470.00,2026-01-09,0.00,0.00,0.00,0.0000,0.00,0.0000,0,0
MSFT,PUT,472.50,2026-01-09,0.00,0.00,0.00,0.0000,0.00,0.0000,0,0
MSFT,PUT,475.00,2026-01-09,0.00,0.00,0.00,0.0000,0.00,0.0000,0,0
MSFT,PUT,477.50,2026-01-09,0.00,0.00,0.00,0.0000,0.00,0.0000,0,0
MSFT,PUT,480.00,2026-01-09,0.00,0.00,0.00,0.0000,0.00,0.0000,0,0
MSFT,PUT,482.50,2026-01-09,0.00,0.00,0.00,0.0000,0.00,0.0000,0,0
MSFT,PUT,485.00,2026-01-09,0.00,0.00,0.00,0.0000,0.00,0.0000,0,0
MSFT,PUT,487.50,2026-01-09,0.00,0.00,0.00,0.0000,0.00,0.0000,0,0
MSFT,PUT,490.00,2026-01-09,0.00,0.00,0.00,0.0000,0.00,0.0000,0,0
MSFT,PUT,492.50,2026-01-09,0.00,0.00,0.00,0.0000,0.00,0.0000,0,0
MSFT,PUT,495.00,2026-01-09,0.00,0.00,0.00,0.0000,0.00,0.0000,0,0
MSFT,PUT,497.50,2026-01-09,0.00,0.00,0.00,0.0000,0.00,0.0000,0,0
MSFT,PUT,500.00,2026-01-09,0.00,0.00,0.00,0.0000,0.00,0.0000,0,0
MSFT,PUT,502.50,2026-01-09,0.00,0.00,0.00,0.0000,0.00,0.0000,0,0
MSFT,PUT,505.00,2026-01-09,0.00,0.00,0.00,0.0000,0.00,0.0000,0,0
MSFT,PUT,507.50,2026-01-09,0.00,0.00,0.00,0.0000,0.00,0.0000,0,0
MSFT,PUT,510.00,2026-01-09,0.00,0.00,0.00,0.0000,0.00,0.0000,0,0
MSFT,PUT,512.50,2026-01-09,0.00,0.00,0.00,0.0000,0.00,0.0000,0,0
MSFT,PUT,515.00,2026-01-09,0.00,0.00,0.00,0.0000,0.00,0.0000,0,0
MSFT,PUT,517.50,2026-01-09,0.00,0.00,0.00,0.0000,0.00,0.0000,0,0
MSFT,PUT,520.00,2026-01-09,0.00,0.00,0.00,0.0000,0.00,0.0000,0,0
MSFT,PUT,522.50,2026-01-09,0.00,0.00,0.00,0.0000,0.00,0.0000,0,0
MSFT,PUT,525.00,2026-01-09,0.00,0.00,0.00,0.0000,0.00,0.0000,0,0
MSFT,PUT,527.50,2026-01-09,0.00,0.00,0.00,0.0000,0.00,0.0000,0,0
MSFT,PUT,530.00,2026-01-09,0.00,0.00,0.00,0.0000,0.00,0.0000,0,0
MSFT,PUT,532.50,2026-01-09,0.00,0.00,0.00,0.0000,0.00,0.0000,0,0
MSFT,PUT,535.00,2026-01-09,0.00,0.00,0.00,0.0000,0.00,0.0000,0,0
MSFT,PUT,540.00,2026-01-09,0.00,0.00,0.00,0.0000,0.00,0.0000,0,0
MSFT,PUT,545.00,2026-01-09,0.00,0.00,0.00,0.0000,0.00,0.0000,0,0
MSFT,PUT,550.00,2026-01-09,0.00,0.00,0.00,0.0000,0.00,0.0000,0,0
MSFT,PUT,555.00,2026-01-09,0.00,0.00,0.00,0.0000,0.00,0.0000,0,0
MSFT,PUT,560.00,2026-01-09,0.00,0.00,0.00,0.0000,0.00,0.0000,0,0
MSFT,PUT,565.00,2026-01-09,0.00,0.00,0.00,0.0000,0.00,0.0000,0,0
MSFT,PUT,570.00,2026-01-09,0.00,0.00,0.00,0.0000,0.00,0.0000,0,0
MSFT,PUT,575.00,2026-01-09,0.00,0.00,0.00,0.0000,0.00,0.0000,0,0
MSFT,PUT,580.00,2026-01-09,0.00,0.00,0.00,0.0000,0.00,0.0000,0,0
MSFT,PUT,585.00,2026-01-09,0.00,0.00,0.00,0.0000,0.00,0.0000,0,0
MSFT,PUT,590.00,2026-01-09,0.00,0.00,0.00,0.0000,0.00,0.0000,0,0
MSFT,PUT,595.00,2026-01-09,0.00,0.00,0.00,0.0000,0.00,0.0000,0,0
MSFT,PUT,600.00,2026-01-09,0.00,0.00,0.00,0.0000,0.00,0.0000,0,0
MSFT,PUT,605.00,2026-01-09,0.00,0.00,0.00,0.0000,0.00,0.0000,0,0
MSFT,PUT,610.00,2026-01-09,0.00,0.00,0.00,0.0000,0.00,0.0000,0,0
MSFT,PUT,615.00,2026-01-09,0.00,0.00,0.00,0.0000,0.00,0.0000,0,0
MSFT,PUT,620.00,2026-01-09,0.00,0.00,0.00,0.0000,0.00,0.0000,0,0
MSFT,PUT,625.00,2026-01-09,0.00,0.00,0.00,0.0000,0.00,0.0000,0,0
MSFT,PUT,630.00,2026-01-09,0.00,0.00,0.00,0.0000,0.00,0.0000,0,0
MSFT,PUT,635.00,2026-01-09,0.00,0.00,0.00,0.0000,0.00,0.0000,0,0
MSFT,PUT,640.00,2026-01-09,0.00,0.00,0.00,0.0000,0.00,0.0000,0,0
MSFT,PUT,645.00,2026-01-09,0.00,0.00,0.00,0.0000,0.00,0.0000,0,0
MSFT,PUT,650.00,2026-01-09,0.00,0.00,0.00,0.0000,0.00,0.0000,0,0
MSFT,PUT,655.00,2026-01-09,0.00,0.00,0.00,0.0000,0.00,0.0000,0,0
MSFT,CALL,160.00,2026-01-16,0.00,0.00,0.00,0.0000,0.00,0.0000,0,0
MSFT,CALL,165.00,2026-01-16,0.00,0.00,0.00,0.0000,0.00,0.0000,0,0
MSFT,CALL,170.00,2026-01-16,0.00,0.00,0.00,0.0000,0.00,0.0000,0,0
MSFT,CALL,175.00,2026-01-16,0.00,0.00,0.00,0.0000,0.00,0.0000,0,0
MSFT,CALL,180.00,2026-01-16,0.00,0.00,0.00,0.0000,0.00,0.0000,0,0
MSFT,CALL,185.00,2026-01-16,0.00,0.00,0.00,0.0000,0.00,0.0000,0,0
MSFT,CALL,190.00,2026-01-16,0.00,0.00,0.00,0.0000,0.00,0.0000,0,0
MSFT,CALL,195.00,2026-01-16,0.00,0.00,0.00,0.0000,0.00,0.0000,0,0
MSFT,CALL,200.00,2026-01-16,0.00,0.00,0.00,0.0000,0.00,0.0000,0,0
MSFT,CALL,205.00,2026-01-16,0.00,0.00,0.00,0.0000,0.00,0.0000,0,0
MSFT,CALL,210.00,2026-01-16,0.00,0.00,0.00,0.0000,0.00,0.0000,0,0
MSFT,CALL,215.00,2026-01-16,0.00,0.00,0.00,0.0000,0.00,0.0000,0,0
MSFT,CALL,220.00,2026-01-16,0.00,0.00,0.00,0.0000,0.00,0.0000,0,0
MSFT,CALL,225.00,2026-01-16,0.00,0.00,0.00,0.0000,0.00,0.0000,0,0
MSFT,CALL,230.00,2026-01-16,0.00,0.00,0.00,0.0000,0.00,0.0000,0,0
MSFT,CALL,235.00,2026-01-16,0.00,0.00,0.00,0.0000,0.00,0.0000,0,0
NVDA,CALL,50.00,2026-01-09,0.00,0.00,0.00,0.0000,0.00,0.0000,0,0
NVDA,CALL,55.00,2026-01-09,0.00,0.00,0.00,0.0000,0.00,0.0000,0,0
NVDA,CALL,60.00,2026-01-09,0.00,0.00,0.00,0.0000,0.00,0.0000,0,0
NVDA,CALL,65.00,2026-01-09,0.00,0.00,0.00,0.0000,0.00,0.0000,0,0
NVDA,CALL,70.00,2026-01-09,0.00,0.00,0.00,0.0000,0.00,0.0000,0,0
NVDA,CALL,75.00,2026-01-09,0.00,0.00,0.00,0.0000,0.00,0.0000,0,0
NVDA,CALL,80.00,2026-01-09,0.00,0.00,0.00,0.0000,0.00,0.0000,0,0
NVDA,CALL,85.00,2026-01-09,0.00,0.00,0.00,0.0000,0.00,0.0000,0,0
NVDA,CALL,90.00,2026-01-09,0.00,0.00,0.00,0.0000,0.00,0.0000,0,0
NVDA,CALL,95.00,2026-01-09,0.00,0.00,0.00,0.0000,0.00,0.0000,0,0
NVDA,CALL,100.00,2026-01-09,0.00,0.00,0.00,0.0000,0.00,0.0000,0,0
NVDA,CALL,105.00,2026-01-09,0.00,0.00,0.00,0.0000,0.00,0.0000,0,0
NVDA,CALL,110.00,2026-01-09,0.00,0.00,0.00,0.0000,0.00,0.0000,0,0
NVDA,CALL,115.00,2026-01-09,0.00,0.00,0.00,0.0000,0.00,0.0000,0,0
NVDA,CALL,120.00,2026-01-09,0.00,0.00,0.00,0.0000,0.00,0.0000,0,0
NVDA,CALL,125.00,2026-01-09,0.00,0.00,0.00,0.0000,0.00,0.0000,0,0
NVDA,CALL,130.00,2026-01-09,0.00,0.00,0.00,0.0000,0.00,0.0000,0,0
NVDA,CALL,135.00,2026-01-09,0.00,0.00,0.00,0.0000,0.00,0.0000,0,0
NVDA,CALL,140.00,2026-01-09,0.00,0.00,0.00,0.0000,0.00,0.0000,0,0
NVDA,CALL,145.00,2026-01-09,0.00,0.00,0.00,0.0000,0.00,0.0000,0,0
NVDA,CALL,150.00,2026-01-09,0.00,0.00,0.00,0.0000,0.00,0.0000,0,0
NVDA,CALL,155.00,2026-01-09,0.00,0.00,0.00,0.0000,0.00,0.0000,0,0
NVDA,CALL,157.50,2026-01-09,0.00,0.00,0.00,0.0000,0.00,0.0000,0,0
NVDA,CALL,160.00,2026-01-09,0.00,0.00,0.00,0.0000,0.00,0.0000,0,0
NVDA,CALL,162.50,2026-01-09,0.00,0.00,0.00,0.0000,0.00,0.0000,0,0
NVDA,CALL,165.00,2026-01-09,0.00,0.00,0.00,0.0000,0.00,0.0000,0,0
NVDA,CALL,167.50,2026-01-09,0.00,0.00,0.00,0.0000,0.00,0.0000,0,0
NVDA,CALL,170.00,2026-01-09,0.00,0.00,0.00,0.0000,0.00,0.0000,0,0
NVDA,CALL,172.50,2026-01-09,0.00,0.00,0.00,0.0000,0.00,0.0000,0,0
NVDA,CALL,175.00,2026-01-09,0.00,0.00,0.00,0.0000,0.00,0.0000,0,0
NVDA,CALL,177.50,2026-01-09,0.00,0.00,0.00,0.0000,0.00,0.0000,0,0
NVDA,CALL,180.00,2026-01-09,0.00,0.00,0.00,0.0000,0.00,0.0000,0,0
NVDA,CALL,182.50,2026-01-09,0.00,0.00,0.00,0.0000,0.00,0.0000,0,0
NVDA,CALL,185.00,2026-01-09,0.00,0.00,0.00,0.0000,0.00,0.0000,0,0
NVDA,CALL,187.50,2026-01-09,0.00,0.00,0.00,0.0000,0.00,0.0000,0,0
NVDA,CALL,190.00,2026-01-09,0.00,0.00,0.00,0.0000,0.00,0.0000,0,0
NVDA,CALL,192.50,2026-01-09,0.00,0.00,0.00,0.0000,0.00,0.0000,0,0
NVDA,CALL,195.00,2026-01-09,0.00,0.00,0.00,0.0000,0.00,0.0000,0,0
NVDA,CALL,197.50,2026-01-09,0.00,0.00,0.00,0.0000,0.00,0.0000,0,0
NVDA,CALL,200.00,2026-01-09,0.00,0.00,0.00,0.0000,0.00,0.0000,0,0
NVDA,CALL,202.50,2026-01-09,0.00,0.00,0.00,0.0000,0.00,0.0000,0,0
NVDA,CALL,205.00,2026-01-09,0.00,0.00,0.00,0.0000,0.00,0.0000,0,0
NVDA,CALL,207.50,2026-01-09,0.00,0.00,0.00,0.0000,0.00,0.0000,0,0
NVDA,CALL,210.00,2026-01-09,0.00,0.00,0.00,0.0000,0.00,0.0000,0,0
NVDA,CALL,212.50,2026-01-09,0.00,0.00,0.00,0.0000,0.00,0.0000,0,0
NVDA,CALL,215.00,2026-01-09,0.00,0.00,0.00,0.0000,0.00,0.0000,0,0
NVDA,CALL,220.00,2026-01-09,0.00,0.00,0.00,0.0000,0.00,0.0000,0,0
NVDA,CALL,225.00,2026-01-09,0.00,0.00,0.00,0.0000,0.00,0.0000,0,0
NVDA,CALL,230.00,2026-01-09,0.00,0.00,0.00,0.0000,0.00,0.0000,0,0
NVDA,CALL,235.00,2026-01-09,0.00,0.00,0.00,0.0000,0.00,0.0000,0,0
NVDA,CALL,240.00,2026-01-09,0.00,0.00,0.00,0.0000,0.00,0.0000,0,0
NVDA,CALL,245.00,2026-01-09,0.00,0.00,0.00,0.0000,0.00,0.0000,0,0
NVDA,CALL,250.00,2026-01-09,0.00,0.00,0.00,0.0000,0.00,0.0000,0,0
NVDA,CALL,255.00,2026-01-09,0.00,0.00,0.00,0.0000,0.00,0.0000,0,0
NVDA,CALL,260.00,2026-01-09,0.00,0.00,0.00,0.0000,0.00,0.0000,0,0
NVDA,CALL,265.00,2026-01-09,0.00,0.00,0.00,0.0000,0.00,0.0000,0,0
NVDA,CALL,270.00,2026-01-09,0.00,0.00,0.00,0.0000,0.00,0.0000,0,0
NVDA,CALL,275.00,2026-01-09,0.00,0.00,0.00,0.0000,0.00,0.0000,0,0
NVDA,CALL,280.00,2026-01-09,0.00,0.00,0.00,0.0000,0.00,0.0000,0,0
NVDA,CALL,285.00,2026-01-09,0.00,0.00,0.00,0.0000,0.00,0.0000,0,0
NVDA,CALL,290.00,2026-01-09,0.00,0.00,0.00,0.0000,0.00,0.0000,0,0
NVDA,CALL,295.00,2026-01-09,0.00,0.00,0.00,0.0000,0.00,0.0000,0,0
NVDA,CALL,300.00,2026-01-09,0.00,0.00,0.00,0.0000,0.00,0.0000,0,0
NVDA,CALL,305.00,2026-01-09,0.00,0.00,0.00,0.0000,0.00,0.0000,0,0
NVDA,CALL,310.00,2026-01-09,0.00,0.00,0.00,0.0000,0.00,0.0000,0,0
NVDA,CALL,320.00,2026-01-09,0.00,0.00,0.00,0.0000,0.00,0.0000,0,0
NVDA,CALL,330.00,2026-01-09,0.00,0.00,0.00,0.0000,0.00,0.0000,0,0
NVDA,CALL,340.00,2026-01-09,0.00,0.00,0.00,0.0000,0.00,0.0000,0,0
NVDA,CALL,350.00,2026-01-09,0.00,0.00,0.00,0.0000,0.00,0.0000,0,0
NVDA,CALL,360.00,2026-01-09,0.00,0.00,0.00,0.0000,0.00,0.0000,0,0
NVDA,PUT,50.00,2026-01-09,0.00,0.00,0.00,0.0000,0.00,0.0000,0,0
NVDA,PUT,55.00,2026-01-09,0.00,0.00,0.00,0.0000,0.00,0.0000,0,0
NVDA,PUT,60.00,2026-01-09,0.00,0.00,0.00,0.0000,0.00,0.0000,0,0
NVDA,PUT,65.00,2026-01-09,0.00,0.00,0.00,0.0000,0.00,0.0000,0,0
NVDA,PUT,70.00,2026-01-09,0.00,0.00,0.00,0.0000,0.00,0.0000,0,0
NVDA,PUT,75.00,2026-01-09,0.00,0.00,0.00,0.0000,0.00,0.0000,0,0
NVDA,PUT,80.00,2026-01-09,0.00,0.00,0.00,0.0000,0.00,0.0000,0,0
NVDA,PUT,85.00,2026-01-09,0.00,0.00,0.00,0.0000,0.00,0.0000,0,0
NVDA,PUT,90.00,2026-01-09,0.00,0.00,0.00,0.0000,0.00,0.0000,0,0
NVDA,PUT,95.00,2026-01-09,0.00,0.00,0.00,0.0000,0.00,0.0000,0,0
NVDA,PUT,100.00,2026-01-09,0.00,0.00,0.00,0.0000,0.00,0.0000,0,0
NVDA,PUT,105.00,2026-01-09,0.00,0.00,0.00,0.0000,0.00,0.0000,0,0
NVDA,PUT,110.00,2026-01-09,0.00,0.00,0.00,0.0000,0.00,0.0000,0,0
NVDA,PUT,115.00,2026-01-09,0.00,0.00,0.00,0.0000,0.00,0.0000,0,0
NVDA,PUT,120.00,2026-01-09,0.00,0.00,0.00,0.0000,0.00,0.0000,0,0
NVDA,PUT,125.00,2026-01-09,0.00,0.00,0.00,0.0000,0.00,0.0000,0,0
NVDA,PUT,130.00,2026-01-09,0.00,0.00,0.00,0.0000,0.00,0.0000,0,0
NVDA,PUT,135.00,2026-01-09,0.00,0.00,0.00,0.0000,0.00,0.0000,0,0
NVDA,PUT,140.00,2026-01-09,0.00,0.00,0.00,0.0000,0.00,0.0000,0,0
NVDA,PUT,145.00,2026-01-09,0.00,0.00,0.00,0.0000,0.00,0.0000,0,0
NVDA,PUT,150.00,2026-01-09,0.00,0.00,0.00,0.0000,0.00,0.0000,0,0
NVDA,PUT,155.00,2026-01-09,0.00,0.00,0.00,0.0000,0.00,0.0000,0,0
NVDA,PUT,157.50,2026-01-09,0.00,0.00,0.00,0.0000,0.00,0.0000,0,0
NVDA,PUT,160.00,2026-01-09,0.00,0.00,0.00,0.0000,0.00,0.0000,0,0
NVDA,PUT,162.50,2026-01-09,0.00,0.00,0.00,0.0000,0.00,0.0000,0,0
NVDA,PUT,165.00,2026-01-09,0.00,0.00,0.00,0.0000,0.00,0.0000,0,0
NVDA,PUT,167.50,2026-01-09,0.00,0.00,0.00,0.0000,0.00,0.0000,0,0
NVDA,PUT,170.00,2026-01-09,0.00,0.00,0.00,0.0000,0.00,0.0000,0,0
NVDA,PUT,172.50,2026-01-09,0.00,0.00,0.00,0.0000,0.00,0.0000,0,0
NVDA,PUT,175.00,2026-01-09,0.00,0.00,0.00,0.0000,0.00,0.0000,0,0
NVDA,PUT,177.50,2026-01-09,0.00,0.00,0.00,0.0000,0.00,0.0000,0,0
NVDA,PUT,180.00,2026-01-09,0.00,0.00,0.00,0.0000,0.00,0.0000,0,0
NVDA,PUT,182.50,2026-01-09,0.00,0.00,0.00,0.0000,0.00,0.0000,0,0
NVDA,PUT,185.00,2026-01-09,0.00,0.00,0.00,0.0000,0.00,0.0000,0,0
NVDA,PUT,187.50,2026-01-09,0.00,0.00,0.00,0.0000,0.00,0.0000,0,0
NVDA,PUT,190.00,2026-01-09,0.00,0.00,0.00,0.0000,0.00,0.0000,0,0
NVDA,PUT,192.50,2026-01-09,0.00,0.00,0.00,0.0000,0.00,0.0000,0,0
NVDA,PUT,195.00,2026-01-09,0.00,0.00,0.00,0.0000,0.00,0.0000,0,0
NVDA,PUT,197.50,2026-01-09,0.00,0.00,0.00,0.0000,0.00,0.0000,0,0
NVDA,PUT,200.00,2026-01-09,0.00,0.00,0.00,0.0000,0.00,0.0000,0,0
NVDA,PUT,202.50,2026-01-09,0.00,0.00,0.00,0.0000,0.00,0.0000,0,0
NVDA,PUT,205.00,2026-01-09,0.00,0.00,0.00,0.0000,0.00,0.0000,0,0
NVDA,PUT,207.50,2026-01-09,0.00,0.00,0.00,0.0000,0.00,0.0000,0,0
NVDA,PUT,210.00,2026-01-09,0.00,0.00,0.00,0.0000,0.00,0.0000,0,0
NVDA,PUT,212.50,2026-01-09,0.00,0.00,0.00,0.0000,0.00,0.0000,0,0
NVDA,PUT,215.00,2026-01-09,0.00,0.00,0.00,0.0000,0.00,0.0000,0,0
NVDA,PUT,220.00,2026-01-09,0.00,0.00,0.00,0.0000,0.00,0.0000,0,0
NVDA,PUT,225.00,2026-01-09,0.00,0.00,0.00,0.0000,0.00,0.0000,0,0
NVDA,PUT,230.00,2026-01-09,0.00,0.00,0.00,0.0000,0.00,0.0000,0,0
NVDA,PUT,235.00,2026-01-09,0.00,0.00,0.00,0.0000,0.00,0.0000,0,0
NVDA,PUT,240.00,2026-01-09,0.00,0.00,0.00,0.0000,0.00,0.0000,0,0
NVDA,PUT,245.00,2026-01-09,0.00,0.00,0.00,0.0000,0.00,0.0000,0,0
NVDA,PUT,250.00,2026-01-09,0.00,0.00,0.00,0.0000,0.00,0.0000,0,0
NVDA,PUT,255.00,2026-01-09,0.00,0.00,0.00,0.0000,0.00,0.0000,0,0
NVDA,PUT,260.00,2026-01-09,0.00,0.00,0.00,0.0000,0.00,0.0000,0,0
NVDA,PUT,265.00,2026-01-09,0.00,0.00,0.00,0.0000,0.00,0.0000,0,0
NVDA,PUT,270.00,2026-01-09,0.00,0.00,0.00,0.0000,0.00,0.0000,0,0
NVDA,PUT,275.00,2026-01-09,0.00,0.00,0.00,0.0000,0.00,0.0000,0,0
NVDA,PUT,280.00,2026-01-09,0.00,0.00,0.00,0.0000,0.00,0.0000,0,0
NVDA,PUT,285.00,2026-01-09,0.00,0.00,0.00,0.0000,0.00,0.0000,0,0
NVDA,PUT,290.00,2026-01-09,0.00,0.00,0.00,0.0000,0.00,0.0000,0,0
NVDA,PUT,295.00,2026-01-09,0.00,0.00,0.00,0.0000,0.00,0.0000,0,0
NVDA,PUT,300.00,2026-01-09,0.00,0.00,0.00,0.0000,0.00,0.0000,0,0
NVDA,PUT,305.00,2026-01-09,0.00,0.00,0.00,0.0000,0.00,0.0000,0,0
NVDA,PUT,310.00,2026-01-09,0.00,0.00,0.00,0.0000,0.00,0.0000,0,0
NVDA,PUT,320.00,2026-01-09,0.00,0.00,0.00,0.0000,0.00,0.0000,0,0
NVDA,PUT,330.00,2026-01-09,0.00,0.00,0.00,0.0000,0.00,0.0000,0,0
NVDA,PUT,340.00,2026-01-09,0.00,0.00,0.00,0.0000,0.00,0.0000,0,0
NVDA,PUT,350.00,2026-01-09,0.00,0.00,0.00,0.0000,0.00,0.0000,0,0
NVDA,PUT,360.00,2026-01-09,0.00,0.00,0.00,0.0000,0.00,0.0000,0,0
NVDA,CALL,0.50,2026-01-16,0.00,0.00,0.00,0.0000,0.00,0.0000,0,0
NVDA,CALL,1.00,2026-01-16,0.00,0.00,0.00,0.0000,0.00,0.0000,0,0
NVDA,CALL,1.50,2026-01-16,0.00,0.00,0.00,0.0000,0.00,0.0000,0,0
NVDA,CALL,2.00,2026-01-16,0.00,0.00,0.00,0.0000,0.00,0.0000,0,0
NVDA,CALL,2.50,2026-01-16,0.00,0.00,0.00,0.0000,0.00,0.0000,0,0
NVDA,CALL,3.00,2026-01-16,0.00,0.00,0.00,0.0000,0.00,0.0000,0,0
NVDA,CALL,3.50,2026-01-16,0.00,0.00,0.00,0.0000,0.00,0.0000,0,0
NVDA,CALL,4.00,2026-01-16,0.00,0.00,0.00,0.0000,0.00,0.0000,0,0
NVDA,CALL,4.50,2026-01-16,0.00,0.00,0.00,0.0000,0.00,0.0000,0,0
NVDA,CALL,5.00,2026-01-16,0.00,0.00,0.00,0.0000,0.00,0.0000,0,0
NVDA,CALL,5.50,2026-01-16,0.00,0.00,0.00,0.0000,0.00,0.0000,0,0
NVDA,CALL,6.00,2026-01-16,0.00,0.00,0.00,0.0000,0.00,0.0000,0,0
NVDA,CALL,7.00,2026-01-16,0.00,0.00,0.00,0.0000,0.00,0.0000,0,0
NVDA,CALL,8.00,2026-01-16,0.00,0.00,0.00,0.0000,0.00,0.0000,0,0
NVDA,CALL,9.00,2026-01-16,0.00,0.00,0.00,0.0000,0.00,0.0000,0,0
NVDA,CALL,10.00,2026-01-16,0.00,0.00,0.00,0.0000,0.00,0.0000,0,0
NVDA,CALL,11.00,2026-01-16,0.00,0.00,0.00,0.0000,0.00,0.0000,0,0
NVDA,CALL,12.00,2026-01-16,0.00,0.00,0.00,0.0000,0.00,0.0000,0,0
NVDA,CALL,13.00,2026-01-16,0.00,0.00,0.00,0.0000,0.00,0.0000,0,0
NVDA,CALL,14.00,2026-01-16,0.00,0.00,0.00,0.0000,0.00,0.0000,0,0
NVDA,CALL,15.00,2026-01-16,0.00,0.00,0.00,0.0000,0.00,0.0000,0,0
NVDA,CALL,16.00,2026-01-16,0.00,0.00,0.00,0.0000,0.00,0.0000,0,0
NVDA,CALL,17.00,2026-01-16,0.00,0.00,0.00,0.0000,0.00,0.0000,0,0
NVDA,CALL,18.00,2026-01-16,0.00,0.00,0.00,0.0000,0.00,0.0000,0,0
NVDA,CALL,19.00,2026-01-16,0.00,0.00,0.00,0.0000,0.00,0.0000,0,0
NVDA,CALL,20.00,2026-01-16,0.00,0.00,0.00,0.0000,0.00,0.0000,0,0
NVDA,CALL,21.00,2026-01-16,0.00,0.00,0.00,0.0000,0.00,0.0000,0,0
NVDA,CALL,22.00,2026-01-16,0.00,0.00,0.00,0.0000,0.00,0.0000,0,0
NVDA,CALL,23.00,2026-01-16,0.00,0.00,0.00,0.0000,0.00,0.0000,0,0
NVDA,CALL,24.00,2026-01-16,0.00,0.00,0.00,0.0000,0.00,0.0000,0,0
NVDA,CALL,25.00,2026-01-16,0.00,0.00,0.00,0.0000,0.00,0.0000,0,0
NVDA,CALL,26.00,2026-01-16,0.00,0.00,0.00,0.0000,0.00,0.0000,0,0
NVDA,CALL,27.00,2026-01-16,0.00,0.00,0.00,0.0000,0.00,0.0000,0,0
NVDA,CALL,28.00,2026-01-16,0.00,0.00,0.00,0.0000,0.00,0.0000,0,0
NVDA,CALL,29.00,2026-01-16,0.00,0.00,0.00,0.0000,0.00,0.0000,0,0
NVDA,CALL,30.00,2026-01-16,0.00,0.00,0.00,0.0000,0.00,0.0000,0,0
NVDA,CALL,31.00,2026-01-16,0.00,0.00,0.00,0.0000,0.00,0.0000,0,0
NVDA,CALL,31.50,2026-01-16,0.00,0.00,0.00,0.0000,0.00,0.0000,0,0
NVDA,CALL,32.00,2026-01-16,0.00,0.00,0.00,0.0000,0.00,0.0000,0,0
NVDA,CALL,32.50,2026-01-16,0.00,0.00,0.00,0.0000,0.00,0.0000,0,0
NVDA,CALL,33.00,2026-01-16,0.00,0.00,0.00,0.0000,0.00,0.0000,0,0
NVDA,CALL,33.50,2026-01-16,0.00,0.00,0.00,0.0000,0.00,0.0000,0,0
NVDA,CALL,34.00,2026-01-16,0.00,0.00,0.00,0.0000,0.00,0.0000,0,0
NVDA,CALL,34.50,2026-01-16,0.00,0.00,0.00,0.0000,0.00,0.0000,0,0
NVDA,CALL,35.00,2026-01-16,0.00,0.00,0.00,0.0000,0.00,0.0000,0,0
NVDA,CALL,35.50,2026-01-16,0.00,0.00,0.00,0.0000,0.00,0.0000,0,0
NVDA,CALL,36.00,2026-01-16,0.00,0.00,0.00,0.0000,0.00,0.0000,0,0
NVDA,CALL,36.50,2026-01-16,0.00,0.00,0.00,0.0000,0.00,0.0000,0,0
NVDA,CALL,37.00,2026-01-16,0.00,0.00,0.00,0.0000,0.00,0.0000,0,0
NVDA,CALL,37.50,2026-01-16,0.00,0.00,0.00,0.0000,0.00,0.0000,0,0
NVDA,CALL,38.00,2026-01-16,0.00,0.00,0.00,0.0000,0.00,0.0000,0,0
NVDA,CALL,38.50,2026-01-16,0.00,0.00,0.00,0.0000,0.00,0.0000,0,0
NVDA,CALL,39.00,2026-01-16,0.00,0.00,0.00,0.0000,0.00,0.0000,0,0
NVDA,CALL,39.50,2026-01-16,0.00,0.00,0.00,0.0000,0.00,0.0000,0,0
NVDA,CALL,40.00,2026-01-16,0.00,0.00,0.00,0.0000,0.00,0.0000,0,0
NVDA,CALL,40.50,2026-01-16,0.00,0.00,0.00,0.0000,0.00,0.0000,0,0
NVDA,CALL,41.00,2026-01-16,0.00,0.00,0.00,0.0000,0.00,0.0000,0,0
NVDA,CALL,41.50,2026-01-16,0.00,0.00,0.00,0.0000,0.00,0.0000,0,0
NVDA,CALL,42.00,2026-01-16,0.00,0.00,0.00,0.0000,0.00,0.0000,0,0
NVDA,CALL,42.50,2026-01-16,0.00,0.00,0.00,0.0000,0.00,0.0000,0,0
GOOGL,CALL,100.00,2026-01-09,0.00,0.00,0.00,0.0000,0.00,0.0000,0,0
GOOGL,CALL,105.00,2026-01-09,0.00,0.00,0.00,0.0000,0.00,0.0000,0,0
GOOGL,CALL,110.00,2026-01-09,0.00,0.00,0.00,0.0000,0.00,0.0000,0,0
GOOGL,CALL,115.00,2026-01-09,0.00,0.00,0.00,0.0000,0.00,0.0000,0,0
GOOGL,CALL,120.00,2026-01-09,0.00,0.00,0.00,0.0000,0.00,0.0000,0,0
GOOGL,CALL,125.00,2026-01-09,0.00,0.00,0.00,0.0000,0.00,0.0000,0,0
GOOGL,CALL,130.00,2026-01-09,0.00,0.00,0.00,0.0000,0.00,0.0000,0,0
GOOGL,CALL,135.00,2026-01-09,0.00,0.00,0.00,0.0000,0.00,0.0000,0,0
GOOGL,CALL,140.00,2026-01-09,0.00,0.00,0.00,0.0000,0.00,0.0000,0,0
GOOGL,CALL,145.00,2026-01-09,0.00,0.00,0.00,0.0000,0.00,0.0000,0,0
GOOGL,CALL,150.00,2026-01-09,0.00,0.00,0.00,0.0000,0.00,0.0000,0,0
GOOGL,CALL,155.00,2026-01-09,0.00,0.00,0.00,0.0000,0.00,0.0000,0,0
GOOGL,CALL,160.00,2026-01-09,0.00,0.00,0.00,0.0000,0.00,0.0000,0,0
GOOGL,CALL,165.00,2026-01-09,0.00,0.00,0.00,0.0000,0.00,0.0000,0,0
GOOGL,CALL,170.00,2026-01-09,0.00,0.00,0.00,0.0000,0.00,0.0000,0,0
GOOGL,CALL,175.00,2026-01-09,0.00,0.00,0.00,0.0000,0.00,0.0000,0,0
GOOGL,CALL,180.00,2026-01-09,0.00,0.00,0.00,0.0000,0.00,0.0000,0,0
GOOGL,CALL,185.00,2026-01-09,0.00,0.00,0.00,0.0000,0.00,0.0000,0,0
GOOGL,CALL,190.00,2026-01-09,0.00,0.00,0.00,0.0000,0.00,0.0000,0,0
GOOGL,CALL,195.00,2026-01-09,0.00,0.00,0.00,0.0000,0.00,0.0000,0,0
GOOGL,CALL,200.00,2026-01-09,0.00,0.00,0.00,0.0000,0.00,0.0000,0,0
GOOGL,CALL,205.00,2026-01-09,0.00,0.00,0.00,0.0000,0.00,0.0000,0,0
GOOGL,CALL,210.00,2026-01-09,0.00,0.00,0.00,0.0000,0.00,0.0000,0,0
GOOGL,CALL,215.00,2026-01-09,0.00,0.00,0.00,0.0000,0.00,0.0000,0,0
GOOGL,CALL,220.00,2026-01-09,0.00,0.00,0.00,0.0000,0.00,0.0000,0,0
GOOGL,CALL,225.00,2026-01-09,0.00,0.00,0.00,0.0000,0.00,0.0000,0,0
GOOGL,CALL,230.00,2026-01-09,0.00,0.00,0.00,0.0000,0.00,0.0000,0,0
GOOGL,CALL,235.00,2026-01-09,0.00,0.00,0.00,0.0000,0.00,0.0000,0,0
GOOGL,CALL,240.00,2026-01-09,0.00,0.00,0.00,0.0000,0.00,0.0000,0,0
GOOGL,CALL,245.00,2026-01-09,0.00,0.00,0.00,0.0000,0.00,0.0000,0,0
GOOGL,CALL,250.00,2026-01-09,0.00,0.00,0.00,0.0000,0.00,0.0000,0,0
GOOGL,CALL,255.00,2026-01-09,0.00,0.00,0.00,0.0000,0.00,0.0000,0,0
GOOGL,CALL,260.00,2026-01-09,0.00,0.00,0.00,0.0000,0.00,0.0000,0,0
GOOGL,CALL,265.00,2026-01-09,0.00,0.00,0.00,0.0000,0.00,0.0000,0,0
GOOGL,CALL,270.00,2026-01-09,0.00,0.00,0.00,0.0000,0.00,0.0000,0,0
GOOGL,CALL,275.00,2026-01-09,0.00,0.00,0.00,0.0000,0.00,0.0000,0,0
GOOGL,CALL,280.00,2026-01-09,0.00,0.00,0.00,0.0000,0.00,0.0000,0,0
GOOGL,CALL,282.50,2026-01-09,0.00,0.00,0.00,0.0000,0.00,0.0000,0,0
GOOGL,CALL,285.00,2026-01-09,0.00,0.00,0.00,0.0000,0.00,0.0000,0,0
GOOGL,CALL,287.50,2026-01-09,0.00,0.00,0.00,0.0000,0.00,0.0000,0,0
GOOGL,CALL,290.00,2026-01-09,0.00,0.00,0.00,0.0000,0.00,0.0000,0,0
GOOGL,CALL,292.50,2026-01-09,0.00,0.00,0.00,0.0000,0.00,0.0000,0,0
GOOGL,CALL,295.00,2026-01-09,0.00,0.00,0.00,0.0000,0.00,0.0000,0,0
GOOGL,CALL,297.50,2026-01-09,0.00,0.00,0.00,0.0000,0.00,0.0000,0,0
GOOGL,CALL,300.00,2026-01-09,0.00,0.00,0.00,0.0000,0.00,0.0000,0,0
GOOGL,CALL,302.50,2026-01-09,0.00,0.00,0.00,0.0000,0.00,0.0000,0,0
GOOGL,CALL,305.00,2026-01-09,0.00,0.00,0.00,0.0000,0.00,0.0000,0,0
GOOGL,CALL,307.50,2026-01-09,0.00,0.00,0.00,0.0000,0.00,0.0000,0,0
GOOGL,CALL,310.00,2026-01-09,0.00,0.00,0.00,0.0000,0.00,0.0000,0,0
GOOGL,CALL,312.50,2026-01-09,0.00,0.00,0.00,0.0000,0.00,0.0000,0,0
GOOGL,CALL,315.00,2026-01-09,0.00,0.00,0.00,0.0000,0.00,0.0000,0,0
GOOGL,CALL,317.50,2026-01-09,0.00,0.00,0.00,0.0000,0.00,0.0000,0,0
GOOGL,CALL,320.00,2026-01-09,0.00,0.00,0.00,0.0000,0.00,0.0000,0,0
GOOGL,CALL,322.50,2026-01-09,0.00,0.00,0.00,0.0000,0.00,0.0000,0,0
GOOGL,CALL,325.00,2026-01-09,0.00,0.00,0.00,0.0000,0.00,0.0000,0,0
GOOGL,CALL,327.50,2026-01-09,0.00,0.00,0.00,0.0000,0.00,0.0000,0,0
GOOGL,CALL,330.00,2026-01-09,0.00,0.00,0.00,0.0000,0.00,0.0000,0,0
GOOGL,CALL,332.50,2026-01-09,0.00,0.00,0.00,0.0000,0.00,0.0000,0,0
GOOGL,CALL,335.00,2026-01-09,0.00,0.00,0.00,0.0000,0.00,0.0000,0,0
GOOGL,CALL,337.50,2026-01-09,0.00,0.00,0.00,0.0000,0.00,0.0000,0,0
GOOGL,CALL,340.00,2026-01-09,0.00,0.00,0.00,0.0000,0.00,0.0000,0,0
GOOGL,CALL,342.50,2026-01-09,0.00,0.00,0.00,0.0000,0.00,0.0000,0,0
GOOGL,CALL,345.00,2026-01-09,0.00,0.00,0.00,0.0000,0.00,0.0000,0,0
GOOGL,CALL,350.00,2026-01-09,0.00,0.00,0.00,0.0000,0.00,0.0000,0,0
GOOGL,CALL,355.00,2026-01-09,0.00,0.00,0.00,0.0000,0.00,0.0000,0,0
GOOGL,CALL,360.00,2026-01-09,0.00,0.00,0.00,0.0000,0.00,0.0000,0,0
GOOGL,CALL,365.00,2026-01-09,0.00,0.00,0.00,0.0000,0.00,0.0000,0,0
GOOGL,CALL,370.00,2026-01-09,0.00,0.00,0.00,0.0000,0.00,0.0000,0,0
GOOGL,CALL,375.00,2026-01-09,0.00,0.00,0.00,0.0000,0.00,0.0000,0,0
GOOGL,CALL,380.00,2026-01-09,0.00,0.00,0.00,0.0000,0.00,0.0000,0,0
GOOGL,CALL,385.00,2026-01-09,0.00,0.00,0.00,0.0000,0.00,0.0000,0,0
GOOGL,CALL,390.00,2026-01-09,0.00,0.00,0.00,0.0000,0.00,0.0000,0,0
GOOGL,CALL,395.00,2026-01-09,0.00,0.00,0.00,0.0000,0.00,0.0000,0,0
GOOGL,CALL,400.00,2026-01-09,0.00,0.00,0.00,0.0000,0.00,0.0000,0,0
GOOGL,CALL,405.00,2026-01-09,0.00,0.00,0.00,0.0000,0.00,0.0000,0,0
GOOGL,CALL,410.00,2026-01-09,0.00,0.00,0.00,0.0000,0.00,0.0000,0,0
GOOGL,CALL,415.00,2026-01-09,0.00,0.00,0.00,0.0000,0.00,0.0000,0,0
GOOGL,CALL,420.00,2026-01-09,0.00,0.00,0.00,0.0000,0.00,0.0000,0,0
GOOGL,CALL,425.00,2026-01-09,0.00,0.00,0.00,0.0000,0.00,0.0000,0,0
GOOGL,CALL,430.00,2026-01-09,0.00,0.00,0.00,0.0000,0.00,0.0000,0,0
GOOGL,CALL,435.00,2026-01-09,0.00,0.00,0.00,0.0000,0.00,0.0000,0,0
GOOGL,CALL,440.00,2026-01-09,0.00,0.00,0.00,0.0000,0.00,0.0000,0,0
GOOGL,CALL,445.00,2026-01-09,0.00,0.00,0.00,0.0000,0.00,0.0000,0,0
GOOGL,CALL,450.00,2026-01-09,0.00,0.00,0.00,0.0000,0.00,0.0000,0,0
GOOGL,PUT,100.00,2026-01-09,0.00,0.00,0.00,0.0000,0.00,0.0000,0,0
GOOGL,PUT,105.00,2026-01-09,0.00,0.00,0.00,0.0000,0.00,0.0000,0,0
GOOGL,PUT,110.00,2026-01-09,0.00,0.00,0.00,0.0000,0.00,0.0000,0,0
GOOGL,PUT,115.00,2026-01-09,0.00,0.00,0.00,0.0000,0.00,0.0000,0,0
GOOGL,PUT,120.00,2026-01-09,0.00,0.00,0.00,0.0000,0.00,0.0000,0,0
GOOGL,PUT,125.00,2026-01-09,0.00,0.00,0.00,0.0000,0.00,0.0000,0,0
GOOGL,PUT,130.00,2026-01-09,0.00,0.00,0.00,0.0000,0.00,0.0000,0,0
GOOGL,PUT,135.00,2026-01-09,0.00,0.00,0.00,0.0000,0.00,0.0000,0,0
GOOGL,PUT,140.00,2026-01-09,0.00,0.00,0.00,0.0000,0.00,0.0000,0,0
GOOGL,PUT,145.00,2026-01-09,0.00,0.00,0.00,0.0000,0.00,0.0000,0,0
GOOGL,PUT,150.00,2026-01-09,0.00,0.00,0.00,0.0000,0.00,0.0000,0,0
GOOGL,PUT,155.00,2026-01-09,0.00,0.00,0.00,0.0000,0.00,0.0000,0,0
GOOGL,PUT,160.00,2026-01-09,0.00,0.00,0.00,0.0000,0.00,0.0000,0,0
GOOGL,PUT,165.00,2026-01-09,0.00,0.00,0.00,0.0000,0.00,0.0000,0,0
GOOGL,PUT,170.00,2026-01-09,0.00,0.00,0.00,0.0000,0.00,0.0000,0,0
GOOGL,PUT,175.00,2026-01-09,0.00,0.00,0.00,0.0000,0.00,0.0000,0,0
GOOGL,PUT,180.00,2026-01-09,0.00,0.00,0.00,0.0000,0.00,0.0000,0,0
GOOGL,PUT,185.00,2026-01-09,0.00,0.00,0.00,0.0000,0.00,0.0000,0,0
GOOGL,PUT,190.00,2026-01-09,0.00,0.00,0.00,0.0000,0.00,0.0000,0,0
GOOGL,PUT,195.00,2026-01-09,0.00,0.00,0.00,0.0000,0.00,0.0000,0,0
GOOGL,PUT,200.00,2026-01-09,0.00,0.00,0.00,0.0000,0.00,0.0000,0,0
GOOGL,PUT,205.00,2026-01-09,0.00,0.00,0.00,0.0000,0.00,0.0000,0,0
GOOGL,PUT,210.00,2026-01-09,0.00,0.00,0.00,0.0000,0.00,0.0000,0,0
GOOGL,PUT,215.00,2026-01-09,0.00,0.00,0.00,0.0000,0.00,0.0000,0,0
GOOGL,PUT,220.00,2026-01-09,0.00,0.00,0.00,0.0000,0.00,0.0000,0,0
GOOGL,PUT,225.00,2026-01-09,0.00,0.00,0.00,0.0000,0.00,0.0000,0,0
GOOGL,PUT,230.00,2026-01-09,0.00,0.00,0.00,0.0000,0.00,0.0000,0,0
GOOGL,PUT,235.00,2026-01-09,0.00,0.00,0.00,0.0000,0.00,0.0000,0,0
GOOGL,PUT,240.00,2026-01-09,0.00,0.00,0.00,0.0000,0.00,0.0000,0,0
GOOGL,PUT,245.00,2026-01-09,0.00,0.00,0.00,0.0000,0.00,0.0000,0,0
GOOGL,PUT,250.00,2026-01-09,0.00,0.00,0.00,0.0000,0.00,0.0000,0,0
GOOGL,PUT,255.00,2026-01-09,0.00,0.00,0.00,0.0000,0.00,0.0000,0,0
GOOGL,PUT,260.00,2026-01-09,0.00,0.00,0.00,0.0000,0.00,0.0000,0,0
GOOGL,PUT,265.00,2026-01-09,0.00,0.00,0.00,0.0000,0.00,0.0000,0,0
GOOGL,PUT,270.00,2026-01-09,0.00,0.00,0.00,0.0000,0.00,0.0000,0,0
GOOGL,PUT,275.00,2026-01-09,0.00,0.00,0.00,0.0000,0.00,0.0000,0,0
GOOGL,PUT,280.00,2026-01-09,0.00,0.00,0.00,0.0000,0.00,0.0000,0,0
GOOGL,PUT,282.50,2026-01-09,0.00,0.00,0.00,0.0000,0.00,0.0000,0,0
GOOGL,PUT,285.00,2026-01-09,0.00,0.00,0.00,0.0000,0.00,0.0000,0,0
GOOGL,PUT,287.50,2026-01-09,0.00,0.00,0.00,0.0000,0.00,0.0000,0,0
GOOGL,PUT,290.00,2026-01-09,0.00,0.00,0.00,0.0000,0.00,0.0000,0,0
GOOGL,PUT,292.50,2026-01-09,0.00,0.00,0.00,0.0000,0.00,0.0000,0,0
GOOGL,PUT,295.00,2026-01-09,0.00,0.00,0.00,0.0000,0.00,0.0000,0,0
GOOGL,PUT,297.50,2026-01-09,0.00,0.00,0.00,0.0000,0.00,0.0000,0,0
GOOGL,PUT,300.00,2026-01-09,0.00,0.00,0.00,0.0000,0.00,0.0000,0,0
GOOGL,PUT,302.50,2026-01-09,0.00,0.00,0.00,0.0000,0.00,0.0000,0,0
GOOGL,PUT,305.00,2026-01-09,0.00,0.00,0.00,0.0000,0.00,0.0000,0,0
GOOGL,PUT,307.50,2026-01-09,0.00,0.00,0.00,0.0000,0.00,0.0000,0,0
GOOGL,PUT,310.00,2026-01-09,0.00,0.00,0.00,0.0000,0.00,0.0000,0,0
GOOGL,PUT,312.50,2026-01-09,0.00,0.00,0.00,0.0000,0.00,0.0000,0,0
GOOGL,PUT,315.00,2026-01-09,0.00,0.00,0.00,0.0000,0.00,0.0000,0,0
GOOGL,PUT,317.50,2026-01-09,0.00,0.00,0.00,0.0000,0.00,0.0000,0,0
GOOGL,PUT,320.00,2026-01-09,0.00,0.00,0.00,0.0000,0.00,0.0000,0,0
GOOGL,PUT,322.50,2026-01-09,0.00,0.00,0.00,0.0000,0.00,0.0000,0,0
GOOGL,PUT,325.00,2026-01-09,0.00,0.00,0.00,0.0000,0.00,0.0000,0,0
GOOGL,PUT,327.50,2026-01-09,0.00,0.00,0.00,0.0000,0.00,0.0000,0,0
GOOGL,PUT,330.00,2026-01-09,0.00,0.00,0.00,0.0000,0.00,0.0000,0,0
GOOGL,PUT,332.50,2026-01-09,0.00,0.00,0.00,0.0000,0.00,0.0000,0,0
GOOGL,PUT,335.00,2026-01-09,0.00,0.00,0.00,0.0000,0.00,0.0000,0,0
GOOGL,PUT,337.50,2026-01-09,0.00,0.00,0.00,0.0000,0.00,0.0000,0,0
GOOGL,PUT,340.00,2026-01-09,0.00,0.00,0.00,0.0000,0.00,0.0000,0,0
GOOGL,PUT,342.50,2026-01-09,0.00,0.00,0.00,0.0000,0.00,0.0000,0,0
GOOGL,PUT,345.00,2026-01-09,0.00,0.00,0.00,0.0000,0.00,0.0000,0,0
GOOGL,PUT,350.00,2026-01-09,0.00,0.00,0.00,0.0000,0.00,0.0000,0,0
GOOGL,PUT,355.00,2026-01-09,0.00,0.00,0.00,0.0000,0.00,0.0000,0,0
GOOGL,PUT,360.00,2026-01-09,0.00,0.00,0.00,0.0000,0.00,0.0000,0,0
GOOGL,PUT,365.00,2026-01-09,0.00,0.00,0.00,0.0000,0.00,0.0000,0,0
GOOGL,PUT,370.00,2026-01-09,0.00,0.00,0.00,0.0000,0.00,0.0000,0,0
GOOGL,PUT,375.00,2026-01-09,0.00,0.00,0.00,0.0000,0.00,0.0000,0,0
GOOGL,PUT,380.00,2026-01-09,0.00,0.00,0.00,0.0000,0.00,0.0000,0,0
GOOGL,PUT,385.00,2026-01-09,0.00,0.00,0.00,0.0000,0.00,0.0000,0,0
GOOGL,PUT,390.00,2026-01-09,0.00,0.00,0.00,0.0000,0.00,0.0000,0,0
GOOGL,PUT,395.00,2026-01-09,0.00,0.00,0.00,0.0000,0.00,0.0000,0,0
GOOGL,PUT,400.00,2026-01-09,0.00,0.00,0.00,0.0000,0.00,0.0000,0,0
GOOGL,PUT,405.00,2026-01-09,0.00,0.00,0.00,0.0000,0.00,0.0000,0,0
GOOGL,PUT,410.00,2026-01-09,0.00,0.00,0.00,0.0000,0.00,0.0000,0,0
GOOGL,PUT,415.00,2026-01-09,0.00,0.00,0.00,0.0000,0.00,0.0000,0,0
GOOGL,PUT,420.00,2026-01-09,0.00,0.00,0.00,0.0000,0.00,0.0000,0,0
GOOGL,PUT,425.00,2026-01-09,0.00,0.00,0.00,0.0000,0.00,0.0000,0,0
GOOGL,PUT,430.00,2026-01-09,0.00,0.00,0.00,0.0000,0.00,0.0000,0,0
GOOGL,PUT,435.00,2026-01-09,0.00,0.00,0.00,0.0000,0.00,0.0000,0,0
GOOGL,PUT,440.00,2026-01-09,0.00,0.00,0.00,0.0000,0.00,0.0000,0,0
GOOGL,PUT,445.00,2026-01-09,0.00,0.00,0.00,0.0000,0.00,0.0000,0,0
GOOGL,PUT,450.00,2026-01-09,0.00,0.00,0.00,0.0000,0.00,0.0000,0,0
GOOGL,CALL,5.00,2026-01-16,0.00,0.00,0.00,0.0000,0.00,0.0000,0,0
GOOGL,CALL,10.00,2026-01-16,0.00,0.00,0.00,0.0000,0.00,0.0000,0,0
GOOGL,CALL,15.00,2026-01-16,0.00,0.00,0.00,0.0000,0.00,0.0000,0,0
GOOGL,CALL,20.00,2026-01-16,0.00,0.00,0.00,0.0000,0.00,0.0000,0,0
GOOGL,CALL,25.00,2026-01-16,0.00,0.00,0.00,0.0000,0.00,0.0000,0,0
GOOGL,CALL,30.00,2026-01-16,0.00,0.00,0.00,0.0000,0.00,0.0000,0,0
GOOGL,CALL,35.00,2026-01-16,0.00,0.00,0.00,0.0000,0.00,0.0000,0,0
GOOGL,CALL,40.00,2026-01-16,0.00,0.00,0.00,0.0000,0.00,0.0000,0,0
GOOGL,CALL,45.00,2026-01-16,0.00,0.00,0.00,0.0000,0.00,0.0000,0,0
GOOGL,CALL,50.00,2026-01-16,0.00,0.00,0.00,0.0000,0.00,0.0000,0,0
GOOGL,CALL,55.00,2026-01-16,0.00,0.00,0.00,0.0000,0.00,0.0000,0,0
GOOGL,CALL,60.00,2026-01-16,0.00,0.00,0.00,0.0000,0.00,0.0000,0,0
GOOGL,CALL,65.00,2026-01-16,0.00,0.00,0.00,0.0000,0.00,0.0000,0,0
GOOGL,CALL,70.00,2026-01-16,0.00,0.00,0.00,0.0000,0.00,0.0000,0,0
GOOGL,CALL,75.00,2026-01-16,0.00,0.00,0.00,0.0000,0.00,0.0000,0,0
GOOGL,CALL,80.00,2026-01-16,0.00,0.00,0.00,0.0000,0.00,0.0000,0,0
GOOGL,CALL,85.00,2026-01-16,0.00,0.00,0.00,0.0000,0.00,0.0000,0,0
GOOGL,CALL,90.00,2026-01-16,0.00,0.00,0.00,0.0000,0.00,0.0000,0,0
GOOGL,CALL,95.00,2026-01-16,0.00,0.00,0.00,0.0000,0.00,0.0000,0,0
GOOGL,CALL,100.00,2026-01-16,0.00,0.00,0.00,0.0000,0.00,0.0000,0,0
GOOGL,CALL,105.00,2026-01-16,0.00,0.00,0.00,0.0000,0.00,0.0000,0,0
GOOGL,CALL,110.00,2026-01-16,0.00,0.00,0.00,0.0000,0.00,0.0000,0,0
GOOGL,CALL,115.00,2026-01-16,0.00,0.00,0.00,0.0000,0.00,0.0000,0,0
GOOGL,CALL,120.00,2026-01-16,0.00,0.00,0.00,0.0000,0.00,0.0000,0,0
GOOGL,CALL,125.00,2026-01-16,0.00,0.00,0.00,0.0000,0.00,0.0000,0,0
GOOGL,CALL,130.00,2026-01-16,0.00,0.00,0.00,0.0000,0.00,0.0000,0,0
GOOGL,CALL,135.00,2026-01-16,0.00,0.00,0.00,0.0000,0.00,0.0000,0,0
GOOGL,CALL,140.00,2026-01-16,0.00,0.00,0.00,0.0000,0.00,0.0000,0,0
GOOGL,CALL,145.00,2026-01-16,0.00,0.00,0.00,0.0000,0.00,0.0000,0,0
GOOGL,CALL,150.00,2026-01-16,0.00,0.00,0.00,0.0000,0.00,0.0000,0,0
GOOGL,CALL,155.00,2026-01-16,0.00,0.00,0.00,0.0000,0.00,0.0000,0,0
GOOGL,CALL,160.00,2026-01-16,0.00,0.00,0.00,0.0000,0.00,0.0000,0,0
META,CALL,100.00,2026-01-09,0.00,0.00,0.00,0.0000,0.00,0.0000,0,0
META,CALL,110.00,2026-01-09,0.00,0.00,0.00,0.0000,0.00,0.0000,0,0
META,CALL,120.00,2026-01-09,0.00,0.00,0.00,0.0000,0.00,0.0000,0,0
META,CALL,130.00,2026-01-09,0.00,0.00,0.00,0.0000,0.00,0.0000,0,0
META,CALL,140.00,2026-01-09,0.00,0.00,0.00,0.0000,0.00,0.0000,0,0
META,CALL,150.00,2026-01-09,0.00,0.00,0.00,0.0000,0.00,0.0000,0,0
META,CALL,160.00,2026-01-09,0.00,0.00,0.00,0.0000,0.00,0.0000,0,0
META,CALL,170.00,2026-01-09,0.00,0.00,0.00,0.0000,0.00,0.0000,0,0
META,CALL,180.00,2026-01-09,0.00,0.00,0.00,0.0000,0.00,0.0000,0,0
META,CALL,190.00,2026-01-09,0.00,0.00,0.00,0.0000,0.00,0.0000,0,0
META,CALL,200.00,2026-01-09,0.00,0.00,0.00,0.0000,0.00,0.0000,0,0
META,CALL,210.00,2026-01-09,0.00,0.00,0.00,0.0000,0.00,0.0000,0,0
META,CALL,220.00,2026-01-09,0.00,0.00,0.00,0.0000,0.00,0.0000,0,0
META,CALL,230.00,2026-01-09,0.00,0.00,0.00,0.0000,0.00,0.0000,0,0
META,CALL,240.00,2026-01-09,0.00,0.00,0.00,0.0000,0.00,0.0000,0,0
META,CALL,250.00,2026-01-09,0.00,0.00,0.00,0.0000,0.00,0.0000,0,0
META,CALL,260.00,2026-01-09,0.00,0.00,0.00,0.0000,0.00,0.0000,0,0
META,CALL,270.00,2026-01-09,0.00,0.00,0.00,0.0000,0.00,0.0000,0,0
META,CALL,280.00,2026-01-09,0.00,0.00,0.00,0.0000,0.00,0.0000,0,0
META,CALL,290.00,2026-01-09,0.00,0.00,0.00,0.0000,0.00,0.0000,0,0
META,CALL,300.00,2026-01-09,0.00,0.00,0.00,0.0000,0.00,0.0000,0,0
META,CALL,310.00,2026-01-09,0.00,0.00,0.00,0.0000,0.00,0.0000,0,0
META,CALL,320.00,2026-01-09,0.00,0.00,0.00,0.0000,0.00,0.0000,0,0
META,CALL,330.00,2026-01-09,0.00,0.00,0.00,0.0000,0.00,0.0000,0,0
META,CALL,340.00,2026-01-09,0.00,0.00,0.00,0.0000,0.00,0.0000,0,0
META,CALL,350.00,2026-01-09,0.00,0.00,0.00,0.0000,0.00,0.0000,0,0
META,CALL,360.00,2026-01-09,0.00,0.00,0.00,0.0000,0.00,0.0000,0,0
META,CALL,370.00,2026-01-09,0.00,0.00,0.00,0.0000,0.00,0.0000,0,0
META,CALL,380.00,2026-01-09,0.00,0.00,0.00,0.0000,0.00,0.0000,0,0
META,CALL,390.00,2026-01-09,0.00,0.00,0.00,0.0000,0.00,0.0000,0,0
META,CALL,400.00,2026-01-09,0.00,0.00,0.00,0.0000,0.00,0.0000,0,0
META,CALL,410.00,2026-01-09,0.00,0.00,0.00,0.0000,0.00,0.0000,0,0
META,CALL,420.00,2026-01-09,0.00,0.00,0.00,0.0000,0.00,0.0000,0,0
META,CALL,425.00,2026-01-09,0.00,0.00,0.00,0.0000,0.00,0.0000,0,0
META,CALL,430.00,2026-01-09,0.00,0.00,0.00,0.0000,0.00,0.0000,0,0
META,CALL,435.00,2026-01-09,0.00,0.00,0.00,0.0000,0.00,0.0000,0,0
META,CALL,440.00,2026-01-09,0.00,0.00,0.00,0.0000,0.00,0.0000,0,0
META,CALL,445.00,2026-01-09,0.00,0.00,0.00,0.0000,0.00,0.0000,0,0
META,CALL,450.00,2026-01-09,0.00,0.00,0.00,0.0000,0.00,0.0000,0,0
META,CALL,455.00,2026-01-09,0.00,0.00,0.00,0.0000,0.00,0.0000,0,0
META,CALL,460.00,2026-01-09,0.00,0.00,0.00,0.0000,0.00,0.0000,0,0
META,CALL,465.00,2026-01-09,0.00,0.00,0.00,0.0000,0.00,0.0000,0,0
META,CALL,470.00,2026-01-09,0.00,0.00,0.00,0.0000,0.00,0.0000,0,0
META,CALL,475.00,2026-01-09,0.00,0.00,0.00,0.0000,0.00,0.0000,0,0
META,CALL,480.00,2026-01-09,0.00,0.00,0.00,0.0000,0.00,0.0000,0,0
META,CALL,485.00,2026-01-09,0.00,0.00,0.00,0.0000,0.00,0.0000,0,0
META,CALL,490.00,2026-01-09,0.00,0.00,0.00,0.0000,0.00,0.0000,0,0
META,CALL,495.00,2026-01-09,0.00,0.00,0.00,0.0000,0.00,0.0000,0,0
META,CALL,500.00,2026-01-09,0.00,0.00,0.00,0.0000,0.00,0.0000,0,0
META,CALL,505.00,2026-01-09,0.00,0.00,0.00,0.0000,0.00,0.0000,0,0
META,CALL,510.00,2026-01-09,0.00,0.00,0.00,0.0000,0.00,0.0000,0,0
META,CALL,515.00,2026-01-09,0.00,0.00,0.00,0.0000,0.00,0.0000,0,0
META,CALL,520.00,2026-01-09,0.00,0.00,0.00,0.0000,0.00,0.0000,0,0
META,CALL,525.00,2026-01-09,0.00,0.00,0.00,0.0000,0.00,0.0000,0,0
META,CALL,530.00,2026-01-09,0.00,0.00,0.00,0.0000,0.00,0.0000,0,0
META,CALL,535.00,2026-01-09,0.00,0.00,0.00,0.0000,0.00,0.0000,0,0
META,CALL,540.00,2026-01-09,0.00,0.00,0.00,0.0000,0.00,0.0000,0,0
META,CALL,545.00,2026-01-09,0.00,0.00,0.00,0.0000,0.00,0.0000,0,0
META,CALL,550.00,2026-01-09,0.00,0.00,0.00,0.0000,0.00,0.0000,0,0
META,CALL,555.00,2026-01-09,0.00,0.00,0.00,0.0000,0.00,0.0000,0,0
META,CALL,560.00,2026-01-09,0.00,0.00,0.00,0.0000,0.00,0.0000,0,0
META,CALL,565.00,2026-01-09,0.00,0.00,0.00,0.0000,0.00,0.0000,0,0
META,CALL,570.00,2026-01-09,0.00,0.00,0.00,0.0000,0.00,0.0000,0,0
META,CALL,575.00,2026-01-09,0.00,0.00,0.00,0.0000,0.00,0.0000,0,0
META,CALL,580.00,2026-01-09,0.00,0.00,0.00,0.0000,0.00,0.0000,0,0
META,CALL,585.00,2026-01-09,0.00,0.00,0.00,0.0000,0.00,0.0000,0,0
META,CALL,590.00,2026-01-09,0.00,0.00,0.00,0.0000,0.00,0.0000,0,0
META,CALL,595.00,2026-01-09,0.00,0.00,0.00,0.0000,0.00,0.0000,0,0
META,CALL,597.50,2026-01-09,0.00,0.00,0.00,0.0000,0.00,0.0000,0,0
META,CALL,600.00,2026-01-09,0.00,0.00,0.00,0.0000,0.00,0.0000,0,0
META,CALL,602.50,2026-01-09,0.00,0.00,0.00,0.0000,0.00,0.0000,0,0
META,CALL,605.00,2026-01-09,0.00,0.00,0.00,0.0000,0.00,0.0000,0,0
META,CALL,607.50,2026-01-09,0.00,0.00,0.00,0.0000,0.00,0.0000,0,0
META,CALL,610.00,2026-01-09,0.00,0.00,0.00,0.0000,0.00,0.0000,0,0
META,CALL,612.50,2026-01-09,0.00,0.00,0.00,0.0000,0.00,0.0000,0,0
META,CALL,615.00,2026-01-09,0.00,0.00,0.00,0.0000,0.00,0.0000,0,0
META,CALL,617.50,2026-01-09,0.00,0.00,0.00,0.0000,0.00,0.0000,0,0
META,CALL,620.00,2026-01-09,0.00,0.00,0.00,0.0000,0.00,0.0000,0,0
META,CALL,622.50,2026-01-09,0.00,0.00,0.00,0.0000,0.00,0.0000,0,0
META,CALL,625.00,2026-01-09,0.00,0.00,0.00,0.0000,0.00,0.0000,0,0
META,CALL,627.50,2026-01-09,0.00,0.00,0.00,0.0000,0.00,0.0000,0,0
META,CALL,630.00,2026-01-09,0.00,0.00,0.00,0.0000,0.00,0.0000,0,0
META,CALL,632.50,2026-01-09,0.00,0.00,0.00,0.0000,0.00,0.0000,0,0
META,CALL,635.00,2026-01-09,0.00,0.00,0.00,0.0000,0.00,0.0000,0,0
META,CALL,637.50,2026-01-09,0.00,0.00,0.00,0.0000,0.00,0.0000,0,0
META,CALL,640.00,2026-01-09,0.00,0.00,0.00,0.0000,0.00,0.0000,0,0
META,CALL,642.50,2026-01-09,0.00,0.00,0.00,0.0000,0.00,0.0000,0,0
META,CALL,645.00,2026-01-09,0.00,0.00,0.00,0.0000,0.00,0.0000,0,0
META,CALL,647.50,2026-01-09,0.00,0.00,0.00,0.0000,0.00,0.0000,0,0
META,CALL,650.00,2026-01-09,0.00,0.00,0.00,0.0000,0.00,0.0000,0,0
META,CALL,652.50,2026-01-09,0.00,0.00,0.00,0.0000,0.00,0.0000,0,0
META,CALL,655.00,2026-01-09,0.00,0.00,0.00,0.0000,0.00,0.0000,0,0
META,CALL,657.50,2026-01-09,0.00,0.00,0.00,0.0000,0.00,0.0000,0,0
META,CALL,660.00,2026-01-09,0.00,0.00,0.00,0.0000,0.00,0.0000,0,0
META,CALL,662.50,2026-01-09,0.00,0.00,0.00,0.0000,0.00,0.0000,0,0
META,CALL,665.00,2026-01-09,0.00,0.00,0.00,0.0000,0.00,0.0000,0,0
META,CALL,667.50,2026-01-09,0.00,0.00,0.00,0.0000,0.00,0.0000,0,0
META,CALL,670.00,2026-01-09,0.00,0.00,0.00,0.0000,0.00,0.0000,0,0
META,CALL,672.50,2026-01-09,0.00,0.00,0.00,0.0000,0.00,0.0000,0,0
META,CALL,675.00,2026-01-09,0.00,0.00,0.00,0.0000,0.00,0.0000,0,0
META,CALL,677.50,2026-01-09,0.00,0.00,0.00,0.0000,0.00,0.0000,0,0
META,CALL,680.00,2026-01-09,0.00,0.00,0.00,0.0000,0.00,0.0000,0,0
META,CALL,682.50,2026-01-09,0.00,0.00,0.00,0.0000,0.00,0.0000,0,0
META,CALL,685.00,2026-01-09,0.00,0.00,0.00,0.0000,0.00,0.0000,0,0
META,CALL,687.50,2026-01-09,0.00,0.00,0.00,0.0000,0.00,0.0000,0,0
META,CALL,690.00,2026-01-09,0.00,0.00,0.00,0.0000,0.00,0.0000,0,0
META,CALL,692.50,2026-01-09,0.00,0.00,0.00,0.0000,0.00,0.0000,0,0
META,CALL,695.00,2026-01-09,0.00,0.00,0.00,0.0000,0.00,0.0000,0,0
META,CALL,697.50,2026-01-09,0.00,0.00,0.00,0.0000,0.00,0.0000,0,0
META,CALL,700.00,2026-01-09,0.00,0.00,0.00,0.0000,0.00,0.0000,0,0
META,CALL,702.50,2026-01-09,0.00,0.00,0.00,0.0000,0.00,0.0000,0,0
META,CALL,705.00,2026-01-09,0.00,0.00,0.00,0.0000,0.00,0.0000,0,0
META,CALL,707.50,2026-01-09,0.00,0.00,0.00,0.0000,0.00,0.0000,0,0
META,CALL,710.00,2026-01-09,0.00,0.00,0.00,0.0000,0.00,0.0000,0,0
META,CALL,712.50,2026-01-09,0.00,0.00,0.00,0.0000,0.00,0.0000,0,0
META,CALL,715.00,2026-01-09,0.00,0.00,0.00,0.0000,0.00,0.0000,0,0
META,CALL,717.50,2026-01-09,0.00,0.00,0.00,0.0000,0.00,0.0000,0,0
META,CALL,720.00,2026-01-09,0.00,0.00,0.00,0.0000,0.00,0.0000,0,0
META,CALL,722.50,2026-01-09,0.00,0.00,0.00,0.0000,0.00,0.0000,0,0
META,CALL,725.00,2026-01-09,0.00,0.00,0.00,0.0000,0.00,0.0000,0,0
META,CALL,727.50,2026-01-09,0.00,0.00,0.00,0.0000,0.00,0.0000,0,0
META,CALL,730.00,2026-01-09,0.00,0.00,0.00,0.0000,0.00,0.0000,0,0
META,CALL,735.00,2026-01-09,0.00,0.00,0.00,0.0000,0.00,0.0000,0,0
META,CALL,740.00,2026-01-09,0.00,0.00,0.00,0.0000,0.00,0.0000,0,0
META,CALL,745.00,2026-01-09,0.00,0.00,0.00,0.0000,0.00,0.0000,0,0
META,CALL,750.00,2026-01-09,0.00,0.00,0.00,0.0000,0.00,0.0000,0,0
META,CALL,755.00,2026-01-09,0.00,0.00,0.00,0.0000,0.00,0.0000,0,0
META,CALL,760.00,2026-01-09,0.00,0.00,0.00,0.0000,0.00,0.0000,0,0
META,CALL,765.00,2026-01-09,0.00,0.00,0.00,0.0000,0.00,0.0000,0,0
META,CALL,770.00,2026-01-09,0.00,0.00,0.00,0.0000,0.00,0.0000,0,0
META,CALL,775.00,2026-01-09,0.00,0.00,0.00,0.0000,0.00,0.0000,0,0
META,CALL,780.00,2026-01-09,0.00,0.00,0.00,0.0000,0.00,0.0000,0,0
META,CALL,785.00,2026-01-09,0.00,0.00,0.00,0.0000,0.00,0.0000,0,0
META,CALL,790.00,2026-01-09,0.00,0.00,0.00,0.0000,0.00,0.0000,0,0
META,CALL,795.00,2026-01-09,0.00,0.00,0.00,0.0000,0.00,0.0000,0,0
META,CALL,800.00,2026-01-09,0.00,0.00,0.00,0.0000,0.00,0.0000,0,0
META,CALL,805.00,2026-01-09,0.00,0.00,0.00,0.0000,0.00,0.0000,0,0
META,CALL,810.00,2026-01-09,0.00,0.00,0.00,0.0000,0.00,0.0000,0,0
META,CALL,815.00,2026-01-09,0.00,0.00,0.00,0.0000,0.00,0.0000,0,0
META,CALL,820.00,2026-01-09,0.00,0.00,0.00,0.0000,0.00,0.0000,0,0
META,CALL,825.00,2026-01-09,0.00,0.00,0.00,0.0000,0.00,0.0000,0,0
META,CALL,830.00,2026-01-09,0.00,0.00,0.00,0.0000,0.00,0.0000,0,0
META,CALL,835.00,2026-01-09,0.00,0.00,0.00,0.0000,0.00,0.0000,0,0
META,CALL,840.00,2026-01-09,0.00,0.00,0.00,0.0000,0.00,0.0000,0,0
META,CALL,845.00,2026-01-09,0.00,0.00,0.00,0.0000,0.00,0.0000,0,0
META,CALL,850.00,2026-01-09,0.00,0.00,0.00,0.0000,0.00,0.0000,0,0
META,CALL,855.00,2026-01-09,0.00,0.00,0.00,0.0000,0.00,0.0000,0,0
META,CALL,860.00,2026-01-09,0.00,0.00,0.00,0.0000,0.00,0.0000,0,0
META,CALL,865.00,2026-01-09,0.00,0.00,0.00,0.0000,0.00,0.0000,0,0
META,CALL,870.00,2026-01-09,0.00,0.00,0.00,0.0000,0.00,0.0000,0,0
META,CALL,875.00,2026-01-09,0.00,0.00,0.00,0.0000,0.00,0.0000,0,0
META,CALL,880.00,2026-01-09,0.00,0.00,0.00,0.0000,0.00,0.0000,0,0
META,CALL,885.00,2026-01-09,0.00,0.00,0.00,0.0000,0.00,0.0000,0,0
META,CALL,890.00,2026-01-09,0.00,0.00,0.00,0.0000,0.00,0.0000,0,0
META,CALL,895.00,2026-01-09,0.00,0.00,0.00,0.0000,0.00,0.0000,0,0
META,CALL,900.00,2026-01-09,0.00,0.00,0.00,0.0000,0.00,0.0000,0,0
META,CALL,910.00,2026-01-09,0.00,0.00,0.00,0.0000,0.00,0.0000,0,0
META,CALL,920.00,2026-01-09,0.00,0.00,0.00,0.0000,0.00,0.0000,0,0
META,CALL,930.00,2026-01-09,0.00,0.00,0.00,0.0000,0.00,0.0000,0,0
META,CALL,940.00,2026-01-09,0.00,0.00,0.00,0.0000,0.00,0.0000,0,0
META,CALL,950.00,2026-01-09,0.00,0.00,0.00,0.0000,0.00,0.0000,0,0
META,CALL,960.00,2026-01-09,0.00,0.00,0.00,0.0000,0.00,0.0000,0,0
META,CALL,970.00,2026-01-09,0.00,0.00,0.00,0.0000,0.00,0.0000,0,0
META,CALL,980.00,2026-01-09,0.00,0.00,0.00,0.0000,0.00,0.0000,0,0
META,CALL,990.00,2026-01-09,0.00,0.00,0.00,0.0000,0.00,0.0000,0,0
META,CALL,1000.00,2026-01-09,0.00,0.00,0.00,0.0000,0.00,0.0000,0,0
META,CALL,1010.00,2026-01-09,0.00,0.00,0.00,0.0000,0.00,0.0000,0,0
META,CALL,1020.00,2026-01-09,0.00,0.00,0.00,0.0000,0.00,0.0000,0,0
META,CALL,1030.00,2026-01-09,0.00,0.00,0.00,0.0000,0.00,0.0000,0,0
META,CALL,1040.00,2026-01-09,0.00,0.00,0.00,0.0000,0.00,0.0000,0,0
META,CALL,1050.00,2026-01-09,0.00,0.00,0.00,0.0000,0.00,0.0000,0,0
META,CALL,1060.00,2026-01-09,0.00,0.00,0.00,0.0000,0.00,0.0000,0,0
META,CALL,1070.00,2026-01-09,0.00,0.00,0.00,0.0000,0.00,0.0000,0,0
META,CALL,1080.00,2026-01-09,0.00,0.00,0.00,0.0000,0.00,0.0000,0,0
META,PUT,100.00,2026-01-09,0.00,0.00,0.00,0.0000,0.00,0.0000,0,0
META,PUT,110.00,2026-01-09,0.00,0.00,0.00,0.0000,0.00,0.0000,0,0
META,PUT,120.00,2026-01-09,0.00,0.00,0.00,0.0000,0.00,0.0000,0,0
META,PUT,130.00,2026-01-09,0.00,0.00,0.00,0.0000,0.00,0.0000,0,0
META,PUT,140.00,2026-01-09,0.00,0.00,0.00,0.0000,0.00,0.0000,0,0
META,PUT,150.00,2026-01-09,0.00,0.00,0.00,0.0000,0.00,0.0000,0,0
META,PUT,160.00,2026-01-09,0.00,0.00,0.00,0.0000,0.00,0.0000,0,0
META,PUT,170.00,2026-01-09,0.00,0.00,0.00,0.0000,0.00,0.0000,0,0
META,PUT,180.00,2026-01-09,0.00,0.00,0.00,0.0000,0.00,0.0000,0,0
META,PUT,190.00,2026-01-09,0.00,0.00,0.00,0.0000,0.00,0.0000,0,0
META,PUT,200.00,2026-01-09,0.00,0.00,0.00,0.0000,0.00,0.0000,0,0
META,PUT,210.00,2026-01-09,0.00,0.00,0.00,0.0000,0.00,0.0000,0,0
META,PUT,220.00,2026-01-09,0.00,0.00,0.00,0.0000,0.00,0.0000,0,0
META,PUT,230.00,2026-01-09,0.00,0.00,0.00,0.0000,0.00,0.0000,0,0
META,PUT,240.00,2026-01-09,0.00,0.00,0.00,0.0000,0.00,0.0000,0,0
META,PUT,250.00,2026-01-09,0.00,0.00,0.00,0.0000,0.00,0.0000,0,0
META,PUT,260.00,2026-01-09,0.00,0.00,0.00,0.0000,0.00,0.0000,0,0
META,PUT,270.00,2026-01-09,0.00,0.00,0.00,0.0000,0.00,0.0000,0,0
META,PUT,280.00,2026-01-09,0.00,0.00,0.00,0.0000,0.00,0.0000,0,0
META,PUT,290.00,2026-01-09,0.00,0.00,0.00,0.0000,0.00,0.0000,0,0
META,PUT,300.00,2026-01-09,0.00,0.00,0.00,0.0000,0.00,0.0000,0,0
META,PUT,310.00,2026-01-09,0.00,0.00,0.00,0.0000,0.00,0.0000,0,0
META,PUT,320.00,2026-01-09,0.00,0.00,0.00,0.0000,0.00,0.0000,0,0
META,PUT,330.00,2026-01-09,0.00,0.00,0.00,0.0000,0.00,0.0000,0,0
META,PUT,340.00,2026-01-09,0.00,0.00,0.00,0.0000,0.00,0.0000,0,0
META,PUT,350.00,2026-01-09,0.00,0.00,0.00,0.0000,0.00,0.0000,0,0
